stem	species	subphylum	strain	biosample	bioproject	taxid	ncbi_organism	sra_run_sheet	locus_tag	keep_in_paper	deposit_flag	note	reads_local	assembly_local	annotation_gbk	annotation_sqn	biosample_public	biosample_pubdate	sra_runs_public	assembly_ncbi	assembly_date	assembly_annotated	override	override_use	b12_flag
Basidiobolus_ranarum_AG-B5	Basidiobolus ranarum AG-B5	Entomopthoromycotina	AG-B5	SAMN18260851	PRJNA713267	34480	Basidiobolus ranarum	SRR15689043	K7432	Yes	Yes		False	False	True	False	True	2021/03/11	SRR15689043	GCA_040143965.1	2024/06/12	True			
Conidiobolus_antarcticus_ARSEF_6913	Conidiobolus antarcticus ARSEF 6913	Entomopthoromycotina	ARSEF 6913	SAMN10865590	PRJNA519386	369793	Conidiobolus antarcticus	SRR8873662	EV274	Yes	Yes		True	True	True	True	True	2019/02/01	SRR8873662						
Conidiobolus_firmipilleus_ARSEF_2731	Conidiobolus firmipilleus ARSEF 2731	Entomopthoromycotina	ARSEF 2731	SAMN09074834	PRJNA463341	181043	Conidiobolus firmipilleus	SRR7686231	DFQ34	Yes	Yes		True	True	True	True	True	2018/05/04	SRR7686231						
Conidiobolus_heterosporus_ARSEF_6386	Conidiobolus heterosporus ARSEF 6386	Entomopthoromycotina	ARSEF 6386	SAMN09074673	PRJNA463338	1167838	Conidiobolus heterosporus	SRR7686235	DFQ31	Yes	Yes		True	True	True	True	True	2018/05/04	SRR7686235						
Conidiobolus_incongruus_NRRL_3022	Conidiobolus incongruus NRRL 3022	Entomopthoromycotina	NRRL 3022	SAMN15741652	PRJNA653055	90249	Conidiobolus incongruus	SRR12691201	H4W82	Yes	Yes		True	True	True	True	True	2020/08/05	SRR12691201;SRR26360057						
Conidiobolus_incongruus_NRRL_3023	Conidiobolus incongruus NRRL 3023	Entomopthoromycotina	NRRL 3023	SAMN16773418	PRJNA677208	90249	Conidiobolus incongruus		IWY20	Yes	Yes		True	True	True	True	True	2020/11/12	SRR26360062						
Conidiobolus_lamprauges_ARSEF_2338	Conidiobolus lamprauges ARSEF 2338	Entomopthoromycotina	ARSEF 2338	SAMN09074664	PRJNA463323	90250	Conidiobolus lamprauges	SRR7686227	DFQ18	Yes	Yes		True	True	True	True	True	2018/05/04	SRR7686227						
Conidiobolus_lamprauges_NRRL_1229	Conidiobolus lamprauges NRRL 1229	Entomopthoromycotina	NRRL 1229	SAMN10361075	PRJNA499642	90250	Conidiobolus lamprauges	SRR8485131	EC935	Yes	Yes		True	True	True	True	True	2018/11/01	SRR8485131						
Conidiobolus_megalotocus_ARSEF_8428	Conidiobolus megalotocus ARSEF 8428	Entomopthoromycotina	ARSEF 8428	SAMN09074662	PRJNA463321	2045275	Conidiobolus megalotocus	SRR7686236	DFQ16	Yes	Yes		True	True	True	True	True	2018/05/04	SRR7686236						
Conidiobolus_megalotocus_NRRL_3011	Conidiobolus megalotocus NRRL 3011	Entomopthoromycotina	NRRL 3011	SAMN10361242	PRJNA499693	2045275	Conidiobolus megalotocus	SRR8482994	EC987	Yes	Yes		True	True	True	True	True	2018/11/01	SRR8482994						
Conidiobolus_osmodes_ARSEF_79	Conidiobolus osmodes ARSEF 79	Entomopthoromycotina	ARSEF 79	SAMN10362772	PRJNA500290	181044	Conidiobolus osmodes	SRR8437444	EDC06	Yes	Yes		True	True	True	True	True	2018/11/01	SRR8437444						
Conidiobolus_polytocus_NRRL_1231	Conidiobolus polytocus NRRL 1231	Entomopthoromycotina	NRRL 1231	SAMN10361076	PRJNA499643	1167814	Conidiobolus polytocus	SRR8484221	EC936	Yes	Yes		True	True	True	True	True	2018/11/01	SRR8484221						
Conidiobolus_pumilus_ARSEF_6383	Conidiobolus pumilus ARSEF 6383	Entomopthoromycotina	ARSEF 6383	SAMN10865798	PRJNA519840	181045	Conidiobolus pumilus	SRR8536101	EV402	Yes	Yes		True	True	True	True	True	2019/02/01	SRR8536100;SRR8536101						
Conidiobolus_rhysosporus_ARSEF_448	Conidiobolus rhysosporus ARSEF 448	Entomopthoromycotina	ARSEF 448	SAMN09074663	PRJNA463322	181046	Conidiobolus rhysosporus	SRR7686234	DFQ17	Yes	Yes		True	True	True	True	True	2018/05/04	SRR7686234						
Conidiobolus_rhysosporus_NRRL_1225	Conidiobolus rhysosporus NRRL 1225	Entomopthoromycotina	NRRL 1225	SAMN10361577	PRJNA499695	181046	Conidiobolus rhysosporus	SRR8484223	EC989	Yes	Yes		True	True	True	True	True	2018/11/01	SRR8484223						
Conidiobolus_sp._NRRL_29146	Conidiobolus sp. NRRL 29146	Entomopthoromycotina	NRRL 29146	SAMN10366862	PRJNA499692	2486361	Conidiobolus sp. NRRL 29146	SRR8482997	EC986	Yes	Yes		True	True	True	True	True	2018/11/02	SRR8482997						
Conidiobolus_thromboides_ARSEF_4968	Conidiobolus thromboides ARSEF 4968	Entomopthoromycotina	ARSEF 4968	SAMN09074833	PRJNA463340	76012	Conidiobolus thromboides	SRR7686232	DFQ33	Yes	Yes		True	True	True	True	True	2018/05/04	SRR7686232						
Conidiobolus_thromboides_NRRL_1224	Conidiobolus thromboides NRRL 1224	Entomopthoromycotina	NRRL 1224	SAMN10361283	PRJNA499691	76012	Conidiobolus thromboides	SRR8482993	EC985	Yes	Yes		True	True	True	True	True	2018/11/01	SRR8482993						
Coemansia_aciculifera_BCRC_34181	Coemansia aciculifera BCRC 34181	Kickxellomycotina	BCRC 34181	SAMN13165656	PRJNA581600	417176	Coemansia aciculifera	SRR10999364	GGI21	Yes	Yes		True	True	True	True	True	2019/10/31	SRR10999364;SRR19789889	GCA_027579955.1	2023/01/06	True			
Coemansia_aciculifera_CBS_109363	Coemansia aciculifera CBS 109363	Kickxellomycotina	CBS 109363	SAMN16773956	PRJNA677035	417176	Coemansia aciculifera	SRR13201210	IWW38	Yes	Yes		True	True	True	True	True	2020/11/12	SRR13201210	GCA_027579645.1	2023/01/06	True			
Coemansia_aciculifera_CBS_516.66	Coemansia aciculifera CBS 516.66	Kickxellomycotina	CBS 516.66	SAMN15719989	PRJNA650740	417176	Coemansia aciculifera	SRR12951279	H4R27	Yes	Yes		True	True	True	True	True	2020/08/04	SRR12951279	GCA_027579785.1	2023/01/06	True			
Coemansia_aciculifera_NRRL_2694	Coemansia aciculifera NRRL 2694	Kickxellomycotina	NRRL 2694	SAMN13165557	PRJNA581572	417176	Coemansia aciculifera	SRR10998817	GGH93	Yes	Yes		True	True	True	True	True	2019/10/31	SRR10998817	GCA_027579385.1	2023/01/06	True			
Coemansia_aciculifera_RSA_476	Coemansia aciculifera RSA 476	Kickxellomycotina	RSA 476	SAMN13165642	PRJNA581573	417176	Coemansia aciculifera	SRR10999321	GGH94	Yes	Yes		True	True	True	True	True	2019/10/31	SRR10999321	GCA_027579375.1	2023/01/06	True			
Coemansia_asiatica_BCRC_34628	Coemansia asiatica BCRC 34628	Kickxellomycotina	BCRC 34628	SAMN11532557	PRJNA538871	1052880	Coemansia asiatica	SRR10125929	FB639	Yes	Yes		True	True	True	True	True	2019/04/29	SRR10125929	GCA_027579625.1	2023/01/06	True			
Coemansia_asiatica_NBRC_105413	Coemansia asiatica NBRC 105413	Kickxellomycotina	NBRC 105413	SAMN19768543	PRJNA738968		Coemansia asiatica		LPJ64	Yes	Yes		True	True	True	True	True	2022/12/24	SRR19802258	GCA_027478445.1	2022/12/28	True			
Coemansia_biformis_BCRC_34381	Coemansia biformis BCRC 34381	Kickxellomycotina	BCRC 34381	SAMN19768544	PRJNA738968		Coemansia biformis		LPJ61	Yes	Yes		True	True	True	True	True	2022/12/24	SRR17035085	GCA_027595825.1	2023/01/06	True			
Coemansia_brasiliensis_NRRL_1566	Coemansia brasiliensis NRRL 1566	Kickxellomycotina	NRRL 1566	SAMN16773253	PRJNA677033	2650707	Coemansia brasiliensis	SRR13201249	IWW36	Yes	Yes		True	True	True	True	True	2020/11/12	SRR13201249	GCA_027579605.1	2023/01/06	True			
Coemansia_erecta_BCRC_34228	Coemansia erecta BCRC 34228	Kickxellomycotina	BCRC 34228	SAMN13165570	PRJNA581601	147472	Coemansia erecta	SRR10998767	GGI22	Yes	Yes		True	True	True	True	True	2019/10/31	SRR10998767	GCA_027579355.1	2023/01/06	True			
Coemansia_erecta_CBS_336.87	Coemansia erecta CBS 336.87	Kickxellomycotina	CBS 336.87	SAMN18251567	PRJNA711391	147472	Coemansia erecta		J3B02	Yes	Yes		True	True	True	True	True	2021/03/10	SRR26360138	GCA_027579585.1	2023/01/06	True			
Coemansia_erecta_CBS_939.97	Coemansia erecta CBS 939.97	Kickxellomycotina	CBS 939.97	SAMN18251565	PRJNA711390	147472	Coemansia erecta		J3B01	Yes	Yes		True	True	True	True	True	2021/03/10	SRR26360137	GCA_027579565.1	2023/01/06	True			
Coemansia_erecta_IMI_279145	Coemansia erecta IMI 279145	Kickxellomycotina	IMI 279145	SAMN16773115	PRJNA677046	147472	Coemansia erecta	SRR13201245	IWW50	Yes	Yes		True	True	True	True	True	2020/11/12	SRR13201245	GCA_027579345.1	2023/01/06	True			
Coemansia_erecta_NBRC_32514	Coemansia erecta NBRC 32514	Kickxellomycotina	NBRC 32514	SAMN19768545	PRJNA738968		Coemansia erecta		LPJ53	Yes	Yes		True	True	True	True	True	2022/12/24	SRR19802257	GCA_027574685.1	2023/01/06	True			
Coemansia_formosensis_NRRL_5531T	Coemansia formosensis NRRL 5531T	Kickxellomycotina	NRRL 5531T	SAMN11510821	PRJNA535812	327750	Coemansia formosensis	SRR10125927	FBU31	Yes	Yes		True	True	True	True	True	2019/04/25	SRR10125927	GCA_027579295.1	2023/01/06	True			
Coemansia_furcata_BCRC_34190	Coemansia furcata BCRC 34190	Kickxellomycotina	BCRC 34190	SAMN13165571	PRJNA581603	417177	Coemansia furcata	SRR10999134	GGI24	Yes	Yes		True	True	True	True	True	2019/10/31	SRR10999134	GCA_027579325.1	2023/01/06	True			
Coemansia_furcata_CBS_102833	Coemansia furcata CBS 102833	Kickxellomycotina	CBS 102833	SAMN15720784	PRJNA651138	417177	Coemansia furcata	SRR12951112	H4S07	Yes	Yes		True	True	True	True	True	2020/08/04	SRR12951112	GCA_027579525.1	2023/01/06	True			
Coemansia_guatemalense_NRRL_1565	Coemansia guatemalense NRRL 1565	Kickxellomycotina	NRRL 1565	SAMN15759881	PRJNA650733	2761395	Coemansia guatemalensis	SRR12951268	H4R20	Yes	Yes		True	True	True	True	True	2020/08/07	SRR12951268	GCA_027579505.1	2023/01/06	True			
Coemansia_helicoidea_BCRC_34780	Coemansia helicoidea BCRC 34780	Kickxellomycotina	BCRC 34780	SAMN15720335	PRJNA650734	1286919	Coemansia helicoidea	SRR12951282	H4R21	Yes	Yes		True	True	True	True	True	2020/08/04	SRR12951282	GCA_027579315.1	2023/01/06	True			
Coemansia_interrupta_BCRC_34489	Coemansia interrupta BCRC 34489	Kickxellomycotina	BCRC 34489	SAMN13165568	PRJNA581594	1126814	Coemansia interrupta	SRR10999054	GGI15	Yes	Yes		True	True	True	True	True	2019/10/31	SRR10999054	GCA_027579055.1	2023/01/06	True			
Coemansia_javaensis_NBRC_105414	Coemansia javaensis NBRC 105414	Kickxellomycotina	NBRC 105414	SAMN15759818	PRJNA650731	2761396	Coemansia javaensis	SRR12951281	H4R18	Yes	Yes		True	True	True	True	True	2020/08/07	SRR12951281	GCA_027579115.1	2023/01/06	True			
Coemansia_linderi_BCRC_34191	Coemansia linderi BCRC 34191	Kickxellomycotina	BCRC 34191	SAMN13190185	PRJNA581597	2663919	Coemansia linderi	SRR10999804	GGI18	Yes	Yes		True	True	True	True	True	2019/11/04	SRR10999804	GCA_027579275.1	2023/01/06	True			
Coemansia_nantahalensis_CBS_109366	Coemansia nantahalensis CBS 109366	Kickxellomycotina	CBS 109366	SAMN16810887	PRJNA676422	2789366	Coemansia nantahalensis	SRR13206614	IWQ57	Yes	Yes		True	True	True	True	True	2020/11/16	SRR13206614	GCA_027579095.1	2023/01/06	True			
Coemansia_nantahalensis_CBS_109400	Coemansia nantahalensis CBS 109400	Kickxellomycotina	CBS 109400	SAMN16810868	PRJNA676421	2789366	Coemansia nantahalensis	SRR13206613	IWQ56	Yes	Yes		True	True	True	True	True	2020/11/16	SRR13206613	GCA_027579485.1	2023/01/06	True			
Coemansia_pectinata_BCRC_34297	Coemansia pectinata BCRC 34297	Kickxellomycotina	BCRC 34297	SAMN13165569	PRJNA581598	1052879	Coemansia pectinata	SRR11000043	GGI19	Yes	Yes		True	True	True	True	True	2019/10/31	SRR11000043	GCA_027579255.1	2023/01/06	True			
Coemansia_sp._BCRC_34301	Coemansia sp. BCRC 34301	Kickxellomycotina	BCRC 34301	SAMN13190105	PRJNA581599	2663920	Coemansia sp. BCRC 34301	SRR10999308	GGI20	Yes	Yes		True	True	True	True	True	2019/11/04	SRR10999308	GCA_027579235.1	2023/01/06	True			
Coemansia_sp._BCRC_34490	Coemansia sp. BCRC 34490	Kickxellomycotina	BCRC 34490	SAMN15759846	PRJNA651137	2761420	Coemansia sp. BCRC 34490	SRR12951111	H4S06	Yes	Yes		True	True	True	True	True	2020/08/07	SRR12951111	GCA_027579215.1	2023/01/06	True			
Coemansia_sp._BCRC_34962	Coemansia sp. BCRC 34962	Kickxellomycotina	BCRC 34962	SAMN16808216	PRJNA677669	2789224	Coemansia sp. BCRC 34962	SRR13132160	IW152	Yes	Yes		True	True	True	True	True	2020/11/16	SRR13132160	GCA_027579075.1	2023/01/06	True			
Coemansia_sp._Benny_D115	Coemansia sp. Benny D115	Kickxellomycotina	Benny D115	SAMN13190182	PRJNA581586	2663910	Coemansia sp. Benny D115	SRR10999320	GGI07	Yes	Yes		True	True	True	True	True	2019/11/04	SRR10999320	GCA_027579155.1	2023/01/06	True			
Coemansia_sp._Benny_D160-2	Coemansia sp. Benny D160-2	Kickxellomycotina	Benny D160-2	SAMN19768546	PRJNA738968		Coemansia sp. Benny D160-2		LPJ72	Yes	Yes		True	True	True	True	True	2022/12/24	SRR19802277	GCA_027595805.1	2023/01/06	True			
Coemansia_sp._Cherry_401B	Coemansia sp. Cherry 401B	Kickxellomycotina	Cherry 401B	SAMN15759882	PRJNA650736	2761397	Coemansia sp. Cherry 401B	SRR12951280	H4R23	Yes	Yes		True	True	True	True	True	2020/08/07	SRR12951280	GCA_027579015.1	2023/01/06	True			
Coemansia_sp._D1744	Coemansia sp. D1744	Kickxellomycotina	D1744	SAMN15759836	PRJNA651089	2761401	Coemansia sp. D1744	SRR12951161	H4S00	Yes	Yes		True	True	True	True	True	2020/08/07	SRR12951161	GCA_027579035.1	2023/01/06	True			
Coemansia_sp._IMI_203386	Coemansia sp. IMI 203386	Kickxellomycotina	IMI 203386	SAMN11532042	PRJNA538877	2572656	Coemansia sp. IMI 203386	SRR10125930	FB645	Yes	Yes		True	True	True	True	True	2019/04/29	SRR10125930	GCA_027579175.1	2023/01/06	True			
Coemansia_sp._IMI_209127	Coemansia sp. IMI 209127	Kickxellomycotina	IMI 209127	SAMN23309386	PRJNA738968				LPJ81	Yes	Yes		True	True	True	True	True	2022/12/24	SRR19802265	GCA_027575815.1	2023/01/06	True			
Coemansia_sp._IMI_209128	Coemansia sp. IMI 209128	Kickxellomycotina	IMI 209128	SAMN15759877	PRJNA654308	2761427	Coemansia sp. IMI 209128	SRR12659434	H4218	Yes	Yes		True	True	True	True	True	2020/08/07	SRR12659434	GCA_027578995.1	2023/01/06	True			
Coemansia_sp._RSA_1085	Coemansia sp. RSA 1085	Kickxellomycotina	RSA 1085	SAMN16810862	PRJNA677039	2789357	Coemansia sp. RSA 1085	SRR13201247	IWW42	Yes	Yes		True	True	True	True	True	2020/11/16	SRR13201247	GCA_027578775.1	2023/01/06	True			
Coemansia_sp._RSA_1086	Coemansia sp. RSA 1086	Kickxellomycotina	RSA 1086	SAMN19768547	PRJNA738968				LPJ68	Yes	Yes		True	True	True	True	True	2022/12/24	SRR19802256	GCA_027595785.1	2023/01/06	True			
Coemansia_sp._RSA_1199	Coemansia sp. RSA 1199	Kickxellomycotina	RSA 1199	SAMN16810860	PRJNA677666	2789312	Coemansia sp. RSA 1199	SRR13132159	IW148	Yes	Yes		True	True	True	True	True	2020/11/16	SRR13132159	GCA_027578755.1	2023/01/06	True			
Coemansia_sp._RSA_1200	Coemansia sp. RSA 1200	Kickxellomycotina	RSA 1200	SAMN16810892	PRJNA677044	2789352	Coemansia sp. RSA 1200	SRR13201246	IWW48	Yes	Yes		True	True	True	True	True	2020/11/16	SRR13201246	GCA_027578915.1	2023/01/06	True			
Coemansia_sp._RSA_1250	Coemansia sp. RSA 1250	Kickxellomycotina	RSA 1250	SAMN16810884	PRJNA677037	2789360	Coemansia sp. RSA 1250	SRR13201248	IWW40	Yes	Yes		True	True	True	True	True	2020/11/16	SRR13201248	GCA_027578955.1	2023/01/06	True			
Coemansia_sp._RSA_1285	Coemansia sp. RSA 1285	Kickxellomycotina	RSA 1285	SAMN13189931	PRJNA581578	2663902	Coemansia sp. RSA 1285	SRR10999566	GGH99	Yes	Yes		True	True	True	True	True	2019/11/04	SRR10999566	GCA_027578935.1	2023/01/06	True			
Coemansia_sp._RSA_1286	Coemansia sp. RSA 1286	Kickxellomycotina	RSA 1286	SAMN13190350	PRJNA581166	2663877	Coemansia sp. RSA 1286	SRR10999131	GGF40	Yes	Yes		True	True	True	True	True	2019/11/04	SRR10999131	GCA_027578875.1	2023/01/06	True			
Coemansia_sp._RSA_1287	Coemansia sp. RSA 1287	Kickxellomycotina	RSA 1287	SAMN16810861	PRJNA677655	2789329	Coemansia sp. RSA 1287	SRR13132063	IW137	Yes	Yes		True	True	True	True	True	2020/11/16	SRR13132063	GCA_027578735.1	2023/01/06	True			
Coemansia_sp._RSA_1290	Coemansia sp. RSA 1290	Kickxellomycotina	RSA 1290	SAMN15759847	PRJNA650735	2761390	Coemansia sp. RSA 1290	SRR12951444	H4R22	Yes	Yes		True	True	True	True	True	2020/08/07	SRR12951444	GCA_027578715.1	2023/01/06	True			
Coemansia_sp._RSA_1358	Coemansia sp. RSA 1358	Kickxellomycotina	RSA 1358	SAMN13190347	PRJNA581605	2663922	Coemansia sp. RSA 1358	SRR10999140	GGI26	Yes	Yes		True	True	True	True	True	2019/11/04	SRR10999140	GCA_027578675.1	2023/01/06	True			
Coemansia_sp._RSA_1365	Coemansia sp. RSA 1365	Kickxellomycotina	RSA 1365	SAMN15759866	PRJNA651139	2761419	Coemansia sp. RSA 1365	SRR12951113	H4S08	Yes	Yes		True	True	True	True	True	2020/08/07	SRR12951113	GCA_027578695.1	2023/01/06	True			
Coemansia_sp._RSA_1591	Coemansia sp. RSA 1591	Kickxellomycotina	RSA 1591	SAMN19768548	PRJNA738968				LPJ58	Yes	Yes		True	True	True	True	True	2022/12/24	SRR19802255	GCA_027575545.1	2023/01/06	True			
Coemansia_sp._RSA_1646	Coemansia sp. RSA 1646	Kickxellomycotina	RSA 1646	SAMN10872742	PRJNA519291	2512252	Coemansia sp. RSA 1646	SRR8873023	EV178	Yes	Yes		True	True	True	True	True	2019/02/04		GCA_027478935.1	2022/12/28	True			
Coemansia_sp._RSA_1694	Coemansia sp. RSA 1694	Kickxellomycotina	RSA 1694	SAMN13190044	PRJNA581170	2663881	Coemansia sp. RSA 1694	SRR10999055	GGF44	Yes	Yes		True	True	True	True	True	2019/11/04	SRR10999055	GCA_027578655.1	2023/01/06	True			
Coemansia_sp._RSA_1721	Coemansia sp. RSA 1721	Kickxellomycotina	RSA 1721	SAMN13190106	PRJNA581165	2663876	Coemansia sp. RSA 1721	SRR10999802	GGF39	Yes	Yes		True	True	True	True	True	2019/11/04	SRR10999802	GCA_027578855.1	2023/01/06	True			
Coemansia_sp._RSA_1722	Coemansia sp. RSA 1722	Kickxellomycotina	RSA 1722	SAMN15759874	PRJNA651088	2761405	Coemansia sp. RSA 1722	SRR12951160	H4R99	Yes	Yes		True	True	True	True	True	2020/08/07	SRR12951160	GCA_027579135.1	2023/01/06	True			
Coemansia_sp._RSA_1752	Coemansia sp. RSA 1752	Kickxellomycotina	RSA 1752	SAMN19768549	PRJNA738968				LPJ69	Yes	Yes		True	True	True	True	True	2022/12/24	SRR19802254	GCA_027575525.1	2023/01/06	True			
Coemansia_sp._RSA_1797	Coemansia sp. RSA 1797	Kickxellomycotina	RSA 1797	SAMN16810864	PRJNA677045	2789340	Coemansia sp. RSA 1797	SRR13201251	IWW49	Yes	Yes		True	True	True	True	True	2020/11/16	SRR13201251	GCA_027578795.1	2023/01/06	True			
Coemansia_sp._RSA_1804	Coemansia sp. RSA 1804	Kickxellomycotina	RSA 1804	SAMN10872741	PRJNA519290	2512253	Coemansia sp. RSA 1804	SRR8873022	EV177	Yes	Yes		True	True	True	True	True	2019/02/04	SRR8873022	GCA_027578815.1	2023/01/06	True			
Coemansia_sp._RSA_1807	Coemansia sp. RSA 1807	Kickxellomycotina	RSA 1807	SAMN13190344	PRJNA581498	2663894	Coemansia sp. RSA 1807	SRR11011821	GGH19	Yes	Yes		True	True	True	True	True	2019/11/04	SRR11011821	GCA_027578635.1	2023/01/06	True			
Coemansia_sp._RSA_1813	Coemansia sp. RSA 1813	Kickxellomycotina	RSA 1813	SAMN16810840	PRJNA677658	2789316	Coemansia sp. RSA 1813	SRR13132131	IW140	Yes	Yes		True	True	True	True	True	2020/11/16	SRR13132131	GCA_027578555.1	2023/01/06	True			
Coemansia_sp._RSA_1821	Coemansia sp. RSA 1821	Kickxellomycotina	RSA 1821	SAMN19768550	PRJNA738968				LPJ79	Yes	Yes		True	True	True	True	True	2022/12/24	SRR19802253	GCA_027595765.1	2023/01/06	True			
Coemansia_sp._RSA_1822	Coemansia sp. RSA 1822	Kickxellomycotina	RSA 1822	SAMN13190342	PRJNA581491	2663887	Coemansia sp. RSA 1822	SRR10999362	GGH12	Yes	Yes		True	True	True	True	True	2019/11/04	SRR10999362	GCA_027578615.1	2023/01/06	True			
Coemansia_sp._RSA_1824	Coemansia sp. RSA 1824	Kickxellomycotina	RSA 1824	SAMN19768551	PRJNA738968				LPJ54	Yes	Yes		True	True	True	True	True	2022/12/24	SRR19802261	GCA_027575465.1	2023/01/06	True			
Coemansia_sp._RSA_1836	Coemansia sp. RSA 1836	Kickxellomycotina	RSA 1836	SAMN13190384	PRJNA581574	2663898	Coemansia sp. RSA 1836	SRR10998766	GGH95	Yes	Yes		True	True	True	True	True	2019/11/04	SRR10998766	GCA_027578595.1	2023/01/06	True			
Coemansia_sp._RSA_1843	Coemansia sp. RSA 1843	Kickxellomycotina	RSA 1843	SAMN19768552	PRJNA738968				LPJ74	Yes	Yes		True	True	True	True	True	2022/12/24	SRR19802275	GCA_027575445.1	2023/01/06	True			
Coemansia_sp._RSA_1853	Coemansia sp. RSA 1853	Kickxellomycotina	RSA 1853	SAMN13190179	PRJNA581175	2663886	Coemansia sp. RSA 1853	SRR10999347	GGF49	Yes	Yes		True	True	True	True	True	2019/11/04	SRR10999347	GCA_027578575.1	2023/01/06	True			
Coemansia_sp._RSA_1878	Coemansia sp. RSA 1878	Kickxellomycotina	RSA 1878	SAMN16830983	PRJNA677032	2790278	Coemansia sp. RSA 1878	SRR13292113	IWW35	Yes	Yes		True	True	True	True	True	2020/11/18	SRR13292113	GCA_027579465.1	2023/01/06	True			
Coemansia_sp._RSA_1933	Coemansia sp. RSA 1933	Kickxellomycotina	RSA 1933	SAMN10872736	PRJNA519288	2512254	Coemansia sp. RSA 1933	SRR8873652	EV175	Yes	Yes		True	True	True	True	True	2019/02/04	SRR8873652	GCA_027578535.1	2023/01/06	True			
Coemansia_sp._RSA_1935	Coemansia sp. RSA 1935	Kickxellomycotina	RSA 1935	SAMN16810878	PRJNA677040	2789350	Coemansia sp. RSA 1935	SRR13201252	IWW43	Yes	Yes		True	True	True	True	True	2020/11/16	SRR13201252	GCA_027578515.1	2023/01/06	True			
Coemansia_sp._RSA_1937	Coemansia sp. RSA 1937	Kickxellomycotina	RSA 1937	SAMN13190136	PRJNA581499	2663895	Coemansia sp. RSA 1937	SRR10999801	GGH20	Yes	Yes		True	True	True	True	True	2019/11/04	SRR10999801	GCA_027578435.1	2023/01/06	True			
Coemansia_sp._RSA_1938	Coemansia sp. RSA 1938	Kickxellomycotina	RSA 1938	SAMN19768553	PRJNA738968				LPJ67	Yes	Yes		True	True	True	True	True	2022/12/24	SRR19802274	GCA_027575425.1	2023/01/06	True			
Coemansia_sp._RSA_1939	Coemansia sp. RSA 1939	Kickxellomycotina	RSA 1939	SAMN15759859	PRJNA654307	2761428	Coemansia sp. RSA 1939	SRR12659433	H4217	Yes	Yes		True	True	True	True	True	2020/08/07	SRR12659433	GCA_027578395.1	2023/01/06	True			
Coemansia_sp._RSA_1972	Coemansia sp. RSA 1972	Kickxellomycotina	RSA 1972	SAMN13190181	PRJNA581575	2663899	Coemansia sp. RSA 1972	SRR10999053	GGH96	Yes	Yes		True	True	True	True	True	2019/11/04	SRR10999053	GCA_027578415.1	2023/01/06	True			
Coemansia_sp._RSA_2049	Coemansia sp. RSA 2049	Kickxellomycotina	RSA 2049	SAMN13190142	PRJNA581590	2663914	Coemansia sp. RSA 2049	SRR10999800	GGI11	Yes	Yes		True	True	True	True	True	2019/11/04	SRR10999800	GCA_027578335.1	2023/01/06	True			
Coemansia_sp._RSA_2050	Coemansia sp. RSA 2050	Kickxellomycotina	RSA 2050	SAMN16810889	PRJNA677034	2789361	Coemansia sp. RSA 2050	SRR13201250	IWW37	Yes	Yes		True	True	True	True	True	2020/11/16	SRR13201250	GCA_027578835.1	2023/01/06	True			
Coemansia_sp._RSA_2052	Coemansia sp. RSA 2052	Kickxellomycotina	RSA 2052	SAMN16808224	PRJNA677043	2789218	Coemansia sp. RSA 2052	SRR13201253	IWW47	Yes	Yes		True	True	True	True	True	2020/11/16	SRR13201253	GCA_027578455.1	2023/01/06	True			
Coemansia_sp._RSA_2131	Coemansia sp. RSA 2131	Kickxellomycotina	RSA 2131	SAMN16810891	PRJNA677051	2789348	Coemansia sp. RSA 2131	SRR13201264	IWW56	Yes	Yes		True	True	True	True	True	2020/11/16	SRR13201264	GCA_027578375.1	2023/01/06	True			
Coemansia_sp._RSA_2167	Coemansia sp. RSA 2167	Kickxellomycotina	RSA 2167	SAMN19768554	PRJNA738968				LPJ62	Yes	Yes		True	True	True	True	True	2022/12/24	SRR19802273	GCA_027575405.1	2023/01/06	True			
Coemansia_sp._RSA_2320	Coemansia sp. RSA 2320	Kickxellomycotina	RSA 2320	SAMN10872739	PRJNA519287	2512255	Coemansia sp. RSA 2320	SRR8873021	EV174	Yes	Yes		True	True	True	True	True	2019/02/04	SRR8873021	GCA_027578355.1	2023/01/06	True			
Coemansia_sp._RSA_2322	Coemansia sp. RSA 2322	Kickxellomycotina	RSA 2322	SAMN13190140	PRJNA581581	2663905	Coemansia sp. RSA 2322	SRR10999316	GGI02	Yes	Yes		True	True	True	True	True	2019/11/04	SRR10999316	GCA_027578315.1	2023/01/06	True			
Coemansia_sp._RSA_2336	Coemansia sp. RSA 2336	Kickxellomycotina	RSA 2336	SAMN10872746	PRJNA519296	2512256	Coemansia sp. RSA 2336	SRR8873051	EV183	Yes	Yes		True	True	True	True	True	2019/02/04	SRR8873051	GCA_027578295.1	2023/01/06	True			
Coemansia_sp._RSA_2337	Coemansia sp. RSA 2337	Kickxellomycotina	RSA 2337	SAMN13189934	PRJNA581582	2663906	Coemansia sp. RSA 2337	SRR10999567	GGI03	Yes	Yes		True	True	True	True	True	2019/11/04	SRR10999567	GCA_027578255.1	2023/01/06	True			
Coemansia_sp._RSA_2399	Coemansia sp. RSA 2399	Kickxellomycotina	RSA 2399	SAMN19768555	PRJNA738968				LPJ59	Yes	Yes		True	True	True	True	True	2022/12/24	SRR19802272	GCA_027575385.1	2023/01/06	True			
Coemansia_sp._RSA_2424	Coemansia sp. RSA 2424	Kickxellomycotina	RSA 2424	SAMN13190351	PRJNA581168	2663879	Coemansia sp. RSA 2424	SRR10999361	GGF42	Yes	Yes		True	True	True	True	True	2019/11/04	SRR10999361	GCA_027578275.1	2023/01/06	True			
Coemansia_sp._RSA_2440	Coemansia sp. RSA 2440	Kickxellomycotina	RSA 2440	SAMN16810858	PRJNA677042	2789349	Coemansia sp. RSA 2440	SRR13201262	IWW46	Yes	Yes		True	True	True	True	True	2020/11/16	SRR13201262	GCA_027578235.1	2023/01/06	True			
Coemansia_sp._RSA_25	Coemansia sp. RSA 25	Kickxellomycotina	RSA 25	SAMN13190349	PRJNA581164	2663875	Coemansia sp. RSA 25	SRR10998765	GGF38	Yes	Yes		True	True	True	True	True	2019/11/04	SRR10998765	GCA_027478835.1	2022/12/28	True			
Coemansia_sp._RSA_2522	Coemansia sp. RSA 2522	Kickxellomycotina	RSA 2522	SAMN16810857	PRJNA677038	2789356	Coemansia sp. RSA 2522	SRR13201265	IWW41	Yes	Yes		True	True	True	True	True	2020/11/16	SRR13201265	GCA_027578195.1	2023/01/06	True			
Coemansia_sp._RSA_2523	Coemansia sp. RSA 2523	Kickxellomycotina	RSA 2523	SAMN19768556	PRJNA738968				LPJ77	Yes	Yes		True	True	True	True	True	2022/12/24	SRR20631352	GCA_027575375.1	2023/01/06	True			
Coemansia_sp._RSA_2524	Coemansia sp. RSA 2524	Kickxellomycotina	RSA 2524	SAMN13190352	PRJNA581173	2663884	Coemansia sp. RSA 2524	SRR10999799	GGF47	Yes	Yes		True	True	True	True	True	2019/11/04	SRR10999799	GCA_027578135.1	2023/01/06	True			
Coemansia_sp._RSA_2526	Coemansia sp. RSA 2526	Kickxellomycotina	RSA 2526	SAMN18312930	PRJNA712423	2818456	Coemansia sp. RSA 2526		J3F80	Yes	Yes		True	True	True	True	True	2021/03/15	SRR20642127	GCA_027578095.1	2023/01/06	True			
Coemansia_sp._RSA_2530	Coemansia sp. RSA 2530	Kickxellomycotina	RSA 2530	SAMN13190183	PRJNA581589	2663913	Coemansia sp. RSA 2530	SRR10999568	GGI10	Yes	Yes		True	True	True	True	True	2019/11/04	SRR10999568	GCA_027578115.1	2023/01/06	True			
Coemansia_sp._RSA_2531	Coemansia sp. RSA 2531	Kickxellomycotina	RSA 2531	SAMN13190145	PRJNA581167	2663878	Coemansia sp. RSA 2531	SRR10999130	GGF41	Yes	Yes		True	True	True	True	True	2019/11/04	SRR10999130	GCA_027578175.1	2023/01/06	True			
Coemansia_sp._RSA_2559	Coemansia sp. RSA 2559	Kickxellomycotina	RSA 2559	SAMN13190217	PRJNA581602	2663921	Coemansia sp. RSA 2559	SRR10998768	GGI23	Yes	Yes		True	True	True	True	True	2019/11/04	SRR10998768	GCA_027578075.1	2023/01/06	True			
Coemansia_sp._RSA_2598	Coemansia sp. RSA 2598	Kickxellomycotina	RSA 2598	SAMN19768557	PRJNA738968				LPJ75	Yes	Yes		True	True	True	True	True	2022/12/24	SRR19802271	GCA_027575355.1	2023/01/06	True			
Coemansia_sp._RSA_2599	Coemansia sp. RSA 2599	Kickxellomycotina	RSA 2599	SAMN19768558	PRJNA738968				LPJ56	Yes	Yes		True	True	True	True	True	2022/12/24	SRR19802270	GCA_027575335.1	2023/01/06	True			
Coemansia_sp._RSA_2603	Coemansia sp. RSA 2603	Kickxellomycotina	RSA 2603	SAMN13190141	PRJNA581584	2663908	Coemansia sp. RSA 2603	SRR10999319	GGI05	Yes	Yes		True	True	True	True	True	2019/11/04	SRR10999319	GCA_027578035.1	2023/01/06	True			
Coemansia_sp._RSA_2607	Coemansia sp. RSA 2607	Kickxellomycotina	RSA 2607	SAMN16808215	PRJNA677667	2789223	Coemansia sp. RSA 2607	SRR13132064	IW150	Yes	Yes		True	True	True	True	True	2020/11/16	SRR13132064	GCA_027578475.1	2023/01/06	True			
Coemansia_sp._RSA_2610	Coemansia sp. RSA 2610	Kickxellomycotina	RSA 2610	SAMN15759826	PRJNA651090	2761402	Coemansia sp. RSA 2610	SRR12951163	H4S01	Yes	Yes		True	True	True	True	True	2020/08/07	SRR12951163	GCA_027578495.1	2023/01/06	True			
Coemansia_sp._RSA_2611	Coemansia sp. RSA 2611	Kickxellomycotina	RSA 2611	SAMN15759819	PRJNA651091	2761403	Coemansia sp. RSA 2611	SRR12951117	H4S02	Yes	Yes		True	True	True	True	True	2020/08/07	SRR12951117	GCA_027578055.1	2023/01/06	True			
Coemansia_sp._RSA_2618	Coemansia sp. RSA 2618	Kickxellomycotina	RSA 2618	SAMN13190218	PRJNA581169	2663880	Coemansia sp. RSA 2618	SRR11012776	GGF43	Yes	Yes		True	True	True	True	True	2019/11/04	SRR11012776	GCA_027578015.1	2023/01/06	True			
Coemansia_sp._RSA_2671	Coemansia sp. RSA 2671	Kickxellomycotina	RSA 2671	SAMN13190345	PRJNA581570	2663896	Coemansia sp. RSA 2671	SRR10998769	GGH91	Yes	Yes		True	True	True	True	True	2019/11/04	SRR10998769	GCA_027577995.1	2023/01/06	True			
Coemansia_sp._RSA_2673	Coemansia sp. RSA 2673	Kickxellomycotina	RSA 2673	SAMN13190180	PRJNA581571	2663897	Coemansia sp. RSA 2673	SRR10999141	GGH92	Yes	Yes		True	True	True	True	True	2019/11/04	SRR10999141	GCA_027577955.1	2023/01/06	True			
Coemansia_sp._RSA_2675	Coemansia sp. RSA 2675	Kickxellomycotina	RSA 2675	SAMN19768559	PRJNA738968				LPJ60	Yes	Yes		True	True	True	True	True	2022/12/24	SRR19802269	GCA_027575325.1	2023/01/06	True			
Coemansia_sp._RSA_2681	Coemansia sp. RSA 2681	Kickxellomycotina	RSA 2681	SAMN13190101	PRJNA581579	2663903	Coemansia sp. RSA 2681	SRR11000044	GGI00	Yes	Yes		True	True	True	True	True	2019/11/04	SRR11000044	GCA_027577975.1	2023/01/06	True			
Coemansia_sp._RSA_2702	Coemansia sp. RSA 2702	Kickxellomycotina	RSA 2702	SAMN16810867	PRJNA677047	2789347	Coemansia sp. RSA 2702	SRR13201263	IWW51	Yes	Yes		True	True	True	True	True	2020/11/16	SRR13201263	GCA_027577845.1	2023/01/06	True			
Coemansia_sp._RSA_2703	Coemansia sp. RSA 2703	Kickxellomycotina	RSA 2703	SAMN19768560	PRJNA738968				LPJ73	Yes	Yes		True	True	True	True	True	2022/12/24	SRR19802268	GCA_027575745.1	2023/01/06	True			
Coemansia_sp._RSA_2704	Coemansia sp. RSA 2704	Kickxellomycotina	RSA 2704	SAMN16810882	PRJNA677048	2789346	Coemansia sp. RSA 2704	SRR13201266	IWW52	Yes	Yes		True	True	True	True	True	2020/11/16	SRR13201266	GCA_027577765.1	2023/01/06	True			
Coemansia_sp._RSA_2705	Coemansia sp. RSA 2705	Kickxellomycotina	RSA 2705	SAMN16810855	PRJNA677049	2789345	Coemansia sp. RSA 2705	SRR13201270	IWW54	Yes	Yes		True	True	True	True	True	2020/11/16	SRR13201270	GCA_027577835.1	2023/01/06	True			
Coemansia_sp._RSA_2706	Coemansia sp. RSA 2706	Kickxellomycotina	RSA 2706	SAMN16810874	PRJNA677050	2789344	Coemansia sp. RSA 2706	SRR13201274	IWW55	Yes	Yes		True	True	True	True	True	2020/11/16	SRR13201274	GCA_027577715.1	2023/01/06	True			
Coemansia_sp._RSA_2708	Coemansia sp. RSA 2708	Kickxellomycotina	RSA 2708	SAMN19768561	PRJNA738968				LPJ70	Yes	Yes		True	True	True	True	True	2022/12/24	SRR19802267	GCA_027575305.1	2023/01/06	True			
Coemansia_sp._RSA_2711	Coemansia sp. RSA 2711	Kickxellomycotina	RSA 2711	SAMN19768562	PRJNA738968				LPJ63	Yes	Yes		True	True	True	True	True	2022/12/24	SRR19802266	GCA_027575275.1	2023/01/06	True			
Coemansia_sp._RSA_353	Coemansia sp. RSA 353	Kickxellomycotina	RSA 353	SAMN16810880	PRJNA677657	2789331	Coemansia sp. RSA 353	SRR13132233	IW139	Yes	Yes		True	True	True	True	True	2020/11/16	SRR13132233	GCA_027577855.1	2023/01/06	True			
Coemansia_sp._RSA_355	Coemansia sp. RSA 355	Kickxellomycotina	RSA 355	SAMN16810888	PRJNA677659	2789317	Coemansia sp. RSA 355	SRR13132000	IW141	Yes	Yes		True	True	True	True	True	2020/11/16	SRR13132000	GCA_027577745.1	2023/01/06	True			
Coemansia_sp._RSA_370	Coemansia sp. RSA 370	Kickxellomycotina	RSA 370	SAMN13190343	PRJNA581493	2663889	Coemansia sp. RSA 370	SRR11011822	GGH14	Yes	Yes		True	True	True	True	True	2019/11/04	SRR11011822	GCA_027578155.1	2023/01/06	True			
Coemansia_sp._RSA_371	Coemansia sp. RSA 371	Kickxellomycotina	RSA 371	SAMN18312926	PRJNA712424	2818452	Coemansia sp. RSA 371		J3F81	Yes	Yes		True	True	True	True	True	2021/03/15	SRR20637476	GCA_027577695.1	2023/01/06	True			
Coemansia_sp._RSA_376	Coemansia sp. RSA 376	Kickxellomycotina	RSA 376	SAMN13190102	PRJNA581580	2663904	Coemansia sp. RSA 376	SRR10999360	GGI01	Yes	Yes		True	True	True	True	True	2019/11/04	SRR10999360	GCA_027577675.1	2023/01/06	True			
Coemansia_sp._RSA_451	Coemansia sp. RSA 451	Kickxellomycotina	RSA 451	SAMN10872740	PRJNA519289	2512257	Coemansia sp. RSA 451	SRR8873651	EV176	Yes	Yes		True	True	True	True	True	2019/02/04	SRR8873651	GCA_027577615.1	2023/01/06	True			
Coemansia_sp._RSA_454	Coemansia sp. RSA 454	Kickxellomycotina	RSA 454	SAMN13190382	PRJNA581577	2663901	Coemansia sp. RSA 454	SRR10999348	GGH98	Yes	Yes		True	True	True	True	True	2019/11/04	SRR10999348	GCA_027577655.1	2023/01/06	True			
Coemansia_sp._RSA_455	Coemansia sp. RSA 455	Kickxellomycotina	RSA 455	SAMN13190184	PRJNA581592	2663915	Coemansia sp. RSA 455	SRR10999133	GGI13	Yes	Yes		True	True	True	True	True	2019/11/04	SRR10999133	GCA_027578215.1	2023/01/06	True			
Coemansia_sp._RSA_475	Coemansia sp. RSA 475	Kickxellomycotina	RSA 475	SAMN13190385	PRJNA581576	2663900	Coemansia sp. RSA 475	SRR10999306	GGH97	Yes	Yes		True	True	True	True	True	2019/11/04	SRR10999306	GCA_027577635.1	2023/01/06	True			
Coemansia_sp._RSA_485	Coemansia sp. RSA 485	Kickxellomycotina	RSA 485	SAMN16810844	PRJNA677041	2789351	Coemansia sp. RSA 485	SRR13201273	IWW45	Yes	Yes		True	True	True	True	True	2020/11/16	SRR13201273	GCA_027577815.1	2023/01/06	True			
Coemansia_sp._RSA_486	Coemansia sp. RSA 486	Kickxellomycotina	RSA 486	SAMN19768563	PRJNA738968				LPJ57	Yes	Yes		True	True	True	True	True	2022/12/24	SRR19802264	GCA_027575725.1	2023/01/06	True			
Coemansia_sp._RSA_487	Coemansia sp. RSA 487	Kickxellomycotina	RSA 487	SAMN10872743	PRJNA519292	2512258	Coemansia sp. RSA 487	SRR8873025	EV179	Yes	Yes		True	True	True	True	True	2019/02/04	SRR8873025	GCA_027577595.1	2023/01/06	True			
Coemansia_sp._RSA_518	Coemansia sp. RSA 518	Kickxellomycotina	RSA 518	SAMN10872744	PRJNA519293	2512259	Coemansia sp. RSA 518	SRR8873052	EV180	Yes	Yes		True	True	True	True	True	2019/02/04	SRR8873052	GCA_027577725.1	2023/01/06	True			
Coemansia_sp._RSA_520	Coemansia sp. RSA 520	Kickxellomycotina	RSA 520	SAMN16810859	PRJNA677661	2789324	Coemansia sp. RSA 520	SRR13132124	IW143	Yes	Yes		True	True	True	True	True	2020/11/16	SRR13132124	GCA_027577775.1	2023/01/06	True			
Coemansia_sp._RSA_521	Coemansia sp. RSA 521	Kickxellomycotina	RSA 521	SAMN16810866	PRJNA677663	2789320	Coemansia sp. RSA 521	SRR13132068	IW145	Yes	Yes		True	True	True	True	True	2020/11/16	SRR13132068	GCA_027577435.1	2023/01/06	True			
Coemansia_sp._RSA_522	Coemansia sp. RSA 522	Kickxellomycotina	RSA 522	SAMN16808223	PRJNA677662	2789225	Coemansia sp. RSA 522	SRR13132234	IW144	Yes	Yes		True	True	True	True	True	2020/11/16	SRR13132234	GCA_027577455.1	2023/01/06	True			
Coemansia_sp._RSA_530	Coemansia sp. RSA 530	Kickxellomycotina	RSA 530	SAMN13190147	PRJNA581497	2663893	Coemansia sp. RSA 530	SRR10998814	GGH18	Yes	Yes		True	True	True	True	True	2019/11/04	SRR10998814	GCA_027577795.1	2023/01/06	True			
Coemansia_sp._RSA_532	Coemansia sp. RSA 532	Kickxellomycotina	RSA 532	SAMN10872745	PRJNA519294	2512260	Coemansia sp. RSA 532	SRR8873020	EV181	Yes	Yes		True	True	True	True	True	2019/02/04	SRR8873020	GCA_027577575.1	2023/01/06	True			
Coemansia_sp._RSA_551	Coemansia sp. RSA 551	Kickxellomycotina	RSA 551	SAMN13189932	PRJNA581171	2663882	Coemansia sp. RSA 551	SRR10999798	GGF45	Yes	Yes		True	True	True	True	True	2019/11/04	SRR10999798	GCA_027577555.1	2023/01/06	True			
Coemansia_sp._RSA_552	Coemansia sp. RSA 552	Kickxellomycotina	RSA 552	SAMN13190146	PRJNA581172	2663883	Coemansia sp. RSA 552	SRR10998837	GGF46	Yes	Yes		True	True	True	True	True	2019/11/04	SRR10998837	GCA_027577535.1	2023/01/06	True			
Coemansia_sp._RSA_560	Coemansia sp. RSA 560	Kickxellomycotina	RSA 560	SAMN13190135	PRJNA581495	2663891	Coemansia sp. RSA 560	SRR10999135	GGH16	Yes	Yes		True	True	True	True	True	2019/11/04	SRR10999135	GCA_027577395.1	2023/01/06	True			
Coemansia_sp._RSA_562	Coemansia sp. RSA 562	Kickxellomycotina	RSA 562	SAMN13190138	PRJNA581494	2663890	Coemansia sp. RSA 562	SRR11011823	GGH15	Yes	Yes		True	True	True	True	True	2019/11/04	SRR11011823	GCA_027577375.1	2023/01/06	True			
Coemansia_sp._RSA_564	Coemansia sp. RSA 564	Kickxellomycotina	RSA 564	SAMN16810881	PRJNA677660	2789314	Coemansia sp. RSA 564	SRR13132235	IW142	Yes	Yes		True	True	True	True	True	2020/11/16	SRR13132235	GCA_027577335.1	2023/01/06	True			
Coemansia_sp._RSA_637	Coemansia sp. RSA 637	Kickxellomycotina	RSA 637	SAMN18312918	PRJNA712425	2818455	Coemansia sp. RSA 637		J3F82	Yes	Yes		True	True	True	True	True	2021/03/15	SRR20637467	GCA_027577345.1	2023/01/06	True			
Coemansia_sp._RSA_638	Coemansia sp. RSA 638	Kickxellomycotina	RSA 638	SAMN19768564	PRJNA738968				LPJ76	Yes	Yes		True	True	True	True	True	2022/12/24	SRR19802263	GCA_027575695.1	2023/01/06	True			
Coemansia_sp._RSA_678	Coemansia sp. RSA 678	Kickxellomycotina	RSA 678	SAMN16830984	PRJNA677654	2790277	Coemansia sp. RSA 678	SRR13288330	IW136	Yes	Yes		True	True	True	True	True	2020/11/18	SRR13288330	GCA_027577515.1	2023/01/06	True			
Coemansia_sp._RSA_720	Coemansia sp. RSA 720	Kickxellomycotina	RSA 720	SAMN16810841	PRJNA677665	2789315	Coemansia sp. RSA 720	SRR13132066	IW147	Yes	Yes		True	True	True	True	True	2020/11/16	SRR13132066	GCA_027577495.1	2023/01/06	True			
Coemansia_sp._RSA_788	Coemansia sp. RSA 788	Kickxellomycotina	RSA 788	SAMN13190040	PRJNA581496	2663892	Coemansia sp. RSA 788	SRR10999307	GGH17	Yes	Yes		True	True	True	True	True	2019/11/04	SRR10999307	GCA_027577475.1	2023/01/06	True			
Coemansia_sp._RSA_921	Coemansia sp. RSA 921	Kickxellomycotina	RSA 921	SAMN13189928	PRJNA581174	2663885	Coemansia sp. RSA 921	SRR10999569	GGF48	Yes	Yes		True	True	True	True	True	2019/11/04	SRR10999569	GCA_027577315.1	2023/01/06	True			
Coemansia_sp._RSA_922	Coemansia sp. RSA 922	Kickxellomycotina	RSA 922	SAMN16810850	PRJNA677664	2789323	Coemansia sp. RSA 922	SRR13132065	IW146	Yes	Yes		True	True	True	True	True	2020/11/16	SRR13132065	GCA_027577415.1	2023/01/06	True			
Coemansia_sp._RSA_986	Coemansia sp. RSA 986	Kickxellomycotina	RSA 986	SAMN16810839	PRJNA677656	2789322	Coemansia sp. RSA 986	SRR13132125	IW138	Yes	Yes		True	True	True	True	True	2020/11/16	SRR13132125	GCA_027577295.1	2023/01/06	True			
Coemansia_sp._RSA_988	Coemansia sp. RSA 988	Kickxellomycotina	RSA 988	SAMN15759825	PRJNA650737	2761391	Coemansia sp. RSA 988	SRR12951445	H4R24	Yes	Yes		True	True	True	True	True	2020/08/07	SRR12951445	GCA_027577275.1	2023/01/06	True			
Coemansia_sp._RSA_989	Coemansia sp. RSA 989	Kickxellomycotina	RSA 989	SAMN19768565	PRJNA738968				LPJ78	Yes	Yes		True	True	True	True	True	2022/12/24	SRR19802262	GCA_027575685.1	2023/01/06	True			
Coemansia_sp._RSA_990	Coemansia sp. RSA 990	Kickxellomycotina	RSA 990	SAMN19768566	PRJNA738968				LPJ55	Yes	Yes		True	True	True	True	True	2022/12/24	SRR19802260	GCA_027575675.1	2023/01/06	True			
Coemansia_sp._S100	Coemansia sp. S100	Kickxellomycotina	S100	SAMN13190346	PRJNA581588	2663912	Coemansia sp. S100	SRR10998816	GGI09	Yes	Yes		True	True	True	True	True	2019/11/04	SRR10998816	GCA_027577255.1	2023/01/06	True			
Coemansia_sp._S142-1	Coemansia sp. S142-1	Kickxellomycotina	S142-1	SAMN13190387	PRJNA581595	2663917	Coemansia sp. S142-1	SRR10999132	GGI16	Yes	Yes		True	True	True	True	True	2019/11/04	SRR10999132	GCA_027577235.1	2023/01/06	True			
Coemansia_sp._S146	Coemansia sp. S146	Kickxellomycotina	S146	SAMN13190216	PRJNA581596	2663918	Coemansia sp. S146	SRR10999345	GGI17	Yes	Yes		True	True	True	True	True	2019/11/04	SRR10999345	GCA_027577175.1	2023/01/06	True			
Coemansia_sp._S155-1	Coemansia sp. S155-1	Kickxellomycotina	S155-1	SAMN13190381	PRJNA581492	2663888	Coemansia sp. S155-1	SRR10999136	GGH13	Yes	Yes		True	True	True	True	True	2019/11/04	SRR10999136	GCA_027577215.1	2023/01/06	True			
Coemansia_sp._S16	Coemansia sp. S16	Kickxellomycotina	S16	SAMN15759861	PRJNA651093	2761417	Coemansia sp. S16	SRR12951162	H4S04	Yes	Yes		True	True	True	True	True	2020/08/07	SRR12951162	GCA_027577195.1	2023/01/06	True			
Coemansia_sp._S17	Coemansia sp. S17	Kickxellomycotina	S17	SAMN19768567	PRJNA738968				LPJ71	Yes	Yes		True	True	True	True	True	2022/12/24	SRR19802259	GCA_027575625.1	2023/01/06	True			
Coemansia_sp._S2	Coemansia sp. S2	Kickxellomycotina	S2	SAMN13190042	PRJNA581587	2663911	Coemansia sp. S2	SRR10998838	GGI08	Yes	Yes		True	True	True	True	True	2019/11/04	SRR10998838	GCA_027577155.1	2023/01/06	True			
Coemansia_sp._S3946	Coemansia sp. S3946	Kickxellomycotina	S3946	SAMN15759854	PRJNA651092	2761407	Coemansia sp. S3946	SRR12951118	H4S03	Yes	Yes		True	True	True	True	True	2020/08/07	SRR12951118	GCA_027577135.1	2023/01/06	True			
Coemansia_sp._S610	Coemansia sp. S610	Kickxellomycotina	S610	SAMN16810885	PRJNA677052	2789341	Coemansia sp. S610	SRR13201277	IWW57	Yes	Yes		True	True	True	True	True	2020/11/16	SRR13201277	GCA_027577095.1	2023/01/06	True			
Coemansia_sp._S680	Coemansia sp. S680	Kickxellomycotina	S680	SAMN13190043	PRJNA581593	2663916	Coemansia sp. S680	SRR10999139	GGI14	Yes	Yes		True	True	True	True	True	2019/11/04	SRR10999139	GCA_027577115.1	2023/01/06	True			
Coemansia_sp._S85	Coemansia sp. S85	Kickxellomycotina	S85	SAMN13190104	PRJNA581585	2663909	Coemansia sp. S85	SRR10999346	GGI06	Yes	Yes		True	True	True	True	True	2019/11/04	SRR10999346	GCA_027577075.1	2023/01/06	True			
Coemansia_spiralis_CBS_108938	Coemansia spiralis CBS 108938	Kickxellomycotina	CBS 108938	SAMN15720020	PRJNA650732	417178	Coemansia spiralis	SRR12951443	H4R19	Yes	Yes		True	True	True	True	True	2020/08/04	SRR12951443	GCA_027579195.1	2023/01/06	True			
Coemansia_spiralis_CBS_109367	Coemansia spiralis CBS 109367	Kickxellomycotina	CBS 109367	SAMN16773252	PRJNA677036	417178	Coemansia spiralis	SRR13201276	IWW39	Yes	Yes		True	True	True	True	True	2020/11/12	SRR13201276	GCA_027578895.1	2023/01/06	True			
Coemansia_spiralis_NRRL_3115	Coemansia spiralis NRRL 3115	Kickxellomycotina	NRRL 3115	SAMN13166136	PRJNA581604	417178	Coemansia spiralis	SRR10999363	GGI25	Yes	Yes		True	True	True	True	True	2019/10/31	SRR10999363	GCA_027578975.1	2023/01/06	True			
Coemansia_thaxteri_IMI_214461	Coemansia thaxteri IMI 214461	Kickxellomycotina	IMI 214461	SAMN15719944	PRJNA650739	2663907	Coemansia thaxteri	SRR12951190	H4R26	Yes	Yes		True	True	True	True	True	2020/08/04	SRR12951190	GCA_027577035.1	2023/01/06	True			
Coemansia_thaxteri_IMI_214463	Coemansia thaxteri IMI 214463	Kickxellomycotina	IMI 214463	SAMN13190103	PRJNA581583	2663907	Coemansia thaxteri	SRR10999318	GGI04	Yes	Yes		True	True	True	True	True	2019/11/04	SRR10999318	GCA_027577055.1	2023/01/06	True			
Coemansia_umbellata_BCRC_34882	Coemansia umbellata BCRC 34882	Kickxellomycotina	BCRC 34882	SAMN10362771	PRJNA500289	1424467	Coemansia umbellata	SRR8437487	EDC05	Yes	Yes		True	True	True	True	True	2018/11/01	SRR8437487	GCA_027576975.1	2023/01/06	True			
Densosporaceae_sp._MVC-580	Densosporaceae sp. MVC-580	Kickxellomycotina	MVC-580	SAMN23309385	PRJNA738968				LPJ80	Yes	Yes		True	True	True	True	True	2022/12/24	SRR17035067						
Dimargaris_cristalligena_RSA_1219	Dimargaris cristalligena RSA 1219	Kickxellomycotina	RSA 1219	SAMN15720059	PRJNA650746	215637	Dimargaris cristalligena	SRR12951116	H4R33	Yes	Yes		True	True	True	True	True	2020/08/04	SRR12951116	GCA_027576995.1	2023/01/06	True			
Dimargaris_verticellata_RSA_567	Dimargaris verticellata RSA 567	Kickxellomycotina	RSA 567	SAMN15759883	PRJNA650747	2761393	Dimargaris verticillata	SRR12951114	H4R34	Yes	Yes		True	True	True	True	True	2020/08/07	SRR12951114	GCA_027576935.1	2023/01/06	True			
Dimargaris_xerosporica_NRRL_3178	Dimargaris xerosporica NRRL 3178	Kickxellomycotina	NRRL 3178	SAMN15759855	PRJNA650748	2761399	Dimargaris xerosporica	SRR12951115	H4R35	Yes	Yes		True	True	True	True	True	2020/08/07	SRR12951115	GCA_027576955.1	2023/01/06	True			
Dipsacomyces_acuminosporus_NRRL_2925	Dipsacomyces acuminosporus NRRL 2925	Kickxellomycotina	NRRL 2925	SAMN13165479	PRJNA581591	4866	Dipsacomyces acuminosporus	SRR11012897	GGI12	Yes	Yes		True	True	True	True	True	2019/10/31	SRR11012897	GCA_027576915.1	2023/01/06	True			
Dispira_parvispora_RSA_1196	Dispira parvispora RSA 1196	Kickxellomycotina	RSA 1196	SAMN16772296	PRJNA676427	1520584	Dispira parvispora	SRR13206014	IWQ62	Yes	Yes		True	True	True	True	True	2020/11/12	SRR13206014	GCA_027577015.1	2023/01/06	True			
Dispira_simplex_RSA_1455	Dispira simplex RSA 1455	Kickxellomycotina	RSA 1455	SAMN16810843	PRJNA676426	2789359	Dispira simplex	SRR13205891	IWQ61	Yes	Yes		True	True	True	True	True	2020/11/16	SRR13205891	GCA_027478255.1	2022/12/28	True			
Kickxella_alabastrina_Benny_63K	Kickxella alabastrina Benny 63K	Kickxellomycotina	Benny 63K	SAMN19768568	PRJNA738968	61397	Kickxella alabastrina		LPJ66	Yes	Yes		True	True	True	True	True	2022/12/24	SRR19802276	GCA_027575665.1	2023/01/06	True			
Kickxella_alabastrina_RSA_2140	Kickxella alabastrina RSA 2140	Kickxellomycotina	RSA 2140	SAMN13165483	PRJNA581163	61397	Kickxella alabastrina	SRR10999315	GGF37	Yes	Yes		True	True	True	True	True	2019/10/31	SRR10999315	GCA_027575875.1	2023/01/06	True			
Linderina_macrospora_NRRL_5244	Linderina macrospora NRRL 5244	Kickxellomycotina	NRRL 5244	SAMN11510661	PRJNA535837	4868	Linderina macrospora	SRR10127280	FBU59	Yes	Yes		True	True	True	True	True	2019/04/25	SRR10127280	GCA_027575855.1	2023/01/06	True			
Linderina_pennispora_NRRL_3781	Linderina pennispora NRRL 3781	Kickxellomycotina	NRRL 3781	SAMN10361243	PRJNA499694	61395	Linderina pennispora	SRR8484220	EC988	Yes	Yes		True	True	True	True	True	2018/11/01	SRR8484220	GCA_027575835.1	2023/01/06	True			
Mycoemilia_scoparia_NBRC_100468	Mycoemilia scoparia NBRC 100468	Kickxellomycotina	NBRC 100468	SAMN15741997	PRJNA654309	417184	Mycoemilia scoparia	SRR12659393	H4219	No	No		True	True	True	True	True	2020/08/05	SRR12659393	GCA_027575805.1	2023/01/06	True			
Spiromyces_aspiralis_RSA_2271	Spiromyces aspiralis RSA 2271	Kickxellomycotina	RSA 2271	SAMN10864757	PRJNA519295	68401	Spiromyces aspiralis	SRR8873024	EV182	Yes	Yes		True	True	True	True	True	2019/02/01	SRR8873024	GCA_027478575.1	2022/12/28	True			
Tieghemiomyces_parasiticus_RSA_861	Tieghemiomyces parasiticus RSA 861	Kickxellomycotina	RSA 861	SAMN16772653	PRJNA676425	78921	Tieghemiomyces parasiticus	SRR13205878	IWQ60	Yes	Yes		True	True	True	True	True	2020/11/12	SRR13205878	GCA_027575765.1	2023/01/06	True			
Dissophora_ornata_NRRL_22417	Dissophora ornata NRRL 22417	Mortierellomycotina	NRRL 22417	SAMN05720457	PRJNA340805	979620	Dissophora ornata	SRR5192054	BGZ58	Yes	Already		True	True	False	False	True	2016/08/31	SRR5192054	GCA_015499975.1	2020/11/16	True			
Echinosporangium_transversalis_NRRL_5525	Echinosporangium transversalis NRRL 5525	Mortierellomycotina	NRRL 5525	SAMN06281768	PRJNA364309	64571	Lobosporangium transversale	SRR5830650	BX616	Yes	Already		True	True	False	False	True	2017/01/30	SRR5830650	GCA_015847225.1	2020/12/08	True			
Haplosporangium_bisporale_NRRL_A-12553	Haplosporangium bisporale NRRL A-12553	Mortierellomycotina	NRRL A-12553	SAMN05727890	PRJNA340799	1897645	Haplosporangium bisporale	SRR5192058	BGZ52	Yes	Already		True	True	False	False	True	2016/09/02	SRR5192058	GCA_015500155.1	2020/11/16	True			
Haplosporangium_lignicola_NRRL_2525	Haplosporangium lignicola NRRL 2525	Mortierellomycotina	NRRL 2525	SAMN05720451	PRJNA340793	979712	Entomortierella lignicola	SRR5192044	BGZ46	Yes	Already		True	True	False	False	True	2016/08/31	SRR5192044	GCA_015500005.1	2020/11/16	True			
Haplosporangium_sp._NRRL_3175	Haplosporangium sp. NRRL 3175	Mortierellomycotina	NRRL 3175	SAMN05727888	PRJNA340796	1897644	Haplosporangium sp. Z 27	SRR5192056	BGZ49	Yes	Already		True	True	False	False	True	2016/09/02	SRR5192056	GCA_015529795.1	2020/11/17	True			
Haplosporangium_sp._NRRL_A-10739	Haplosporangium sp. NRRL A-10739	Mortierellomycotina	NRRL A-10739	SAMN05727889	PRJNA340797	1897648	Haplosporangium sp. Z 11	SRR5192059	BGZ50	Yes	Already		True	True	False	False	True	2016/09/02	SRR5192059	GCA_015529505.1	2020/11/17	True			
Haplosporangium_sp._NRRL_A-10996	Haplosporangium sp. NRRL A-10996	Mortierellomycotina	NRRL A-10996	SAMN05727887	PRJNA340798	1897647	Haplosporangium sp. Z 767	SRR5192057	BGZ51	Yes	Already		True	True	False	False	True	2016/09/02	SRR5192057	GCA_015529515.1	2020/11/17	True			
Lobosporangium_transversale_NRRL_3116	Lobosporangium transversale NRRL 3116	Mortierellomycotina	NRRL 3116	SAMN05720431	PRJNA340809	64571	Lobosporangium transversale	SRR5192061	BGZ62	Yes	Already		True	True	False	False	True	2016/08/31	SRR5192061						
Modicella_reniformis_MES-2146	Modicella reniformis MES-2146	Mortierellomycotina	MES-2146	SAMN05720516	PRJNA340812	1440133	Modicella reniformis	SRR5192191	BGZ65	Yes	Already		True	True	True	True	True	2016/08/31	SRR5192191	GCA_015849295.1	2020/12/08	True			
Mortierella_alpina_AD071	Mortierella alpina AD071	Mortierellomycotina	AD071	SAMN05720461	PRJNA340814	64518	Mortierella alpina	SRR5190930	BGZ67	Yes	Already		True	True	False	False	True	2016/08/31	SRR5190930	GCA_015847185.1	2020/12/08	True			
Mortierella_alpina_AD072	Mortierella alpina AD072	Mortierellomycotina	AD072	SAMN05720462	PRJNA340815	64518	Mortierella alpina	SRR5190933	BGZ68	Yes	Already		True	True	False	False	True	2016/08/31	SRR5190933	GCA_015679415.1	2020/11/24	True			
Mortierella_alpina_CK1249	Mortierella alpina CK1249	Mortierellomycotina	CK1249	SAMN05720518	PRJNA340817	64518	Mortierella alpina	SRR5190943	BGZ70	Yes	Already		True	True	False	False	True	2016/08/31	SRR5190943	GCA_015849305.1	2020/12/08	True			
Mortierella_alpina_GBA31	Mortierella alpina GBA31	Mortierellomycotina	GBA31	SAMN05720773	PRJNA340819	64518	Mortierella alpina	SRR5190945	BGZ72	Yes	Already		True	True	False	False	True	2016/08/31	SRR5190945	GCA_015849285.1	2020/12/08	True			
Mortierella_alpina_NRRL_66262	Mortierella alpina NRRL 66262	Mortierellomycotina	NRRL 66262	SAMN10361219	PRJNA499674	64518	Mortierella alpina	SRR8485169	EC968	Yes	Already		True	True	False	False	True	2018/11/01	SRR8485169	GCA_015680655.1	2020/11/24	True			
Mortierella_ambigua_NRRL_28271	Mortierella ambigua NRRL 28271	Mortierellomycotina	NRRL 28271	SAMN05720519	PRJNA340820	1343610	Actinomortierella ambigua	SRR5192167	BGZ73	Yes	Already		True	True	False	False	True	2016/08/31	SRR5192167	GCA_015849275.1	2020/12/08	True			
Mortierella_antarctica_KOD_1229	Mortierella antarctica KOD 1229	Mortierellomycotina	KOD 1229	SAMN05720774	PRJNA340822	979670	Mortierella antarctica	SRR5192189	BGZ75	Yes	Already		True	True	False	False	True	2016/08/31	SRR5192189	GCA_015849325.1	2020/12/08	True			
Mortierella_beljakovae_KOD_1040	Mortierella beljakovae KOD 1040	Mortierellomycotina	KOD 1040	SAMN05720775	PRJNA340823	979673	Entomortierella beljakovae	SRR5192067	BGZ76	Yes	Already		True	True	False	False	True	2016/08/31	SRR5192067	GCA_015679585.1	2020/11/24	True			
Mortierella_chlamydospora_AD033	Mortierella chlamydospora AD033	Mortierellomycotina	AD033	SAMN05720793	PRJNA340826	101097	Entomortierella chlamydospora	SRR5190919	BGZ79	Yes	Already		True	True	False	False	True	2016/08/31	SRR5190919	GCA_015849335.1	2020/12/08	True			
Mortierella_chlamydospora_NRRL_2769	Mortierella chlamydospora NRRL 2769	Mortierellomycotina	NRRL 2769	SAMN05720521	PRJNA340827	101097	Entomortierella chlamydospora	SRR5192070	BGZ80	Yes	Already		True	True	False	False	True	2016/08/31	SRR5192070	GCA_015852335.1	2020/12/08	True			
Mortierella_clonocystis_AM1000	Mortierella clonocystis AM1000	Mortierellomycotina	AM1000	SAMN05720794	PRJNA340828	979688	Podila clonocystis	SRR5190936	BGZ81	Yes	Already		True	True	False	False	True	2016/08/31	SRR5190936	GCA_015852385.1	2020/12/08	True			
Mortierella_clonocystis_KOD_947	Mortierella clonocystis KOD 947	Mortierellomycotina	KOD 947	SAMN05720795	PRJNA340829	979688	Podila clonocystis	SRR5192073	BGZ82	Yes	Already		True	True	False	False	True	2016/08/31	SRR5192073	GCA_015852375.1	2020/12/08	True			
Mortierella_cystojenkinii_1230	Mortierella cystojenkinii 1230	Mortierellomycotina	1230	SAMN05720522	PRJNA340830	979690	Gryganskiella cystojenkinii	SRR5190889	BGZ83	Yes	Already		True	True	False	False	True	2016/08/31	SRR5190889	GCA_015852425.1	2020/12/08	True			
Mortierella_elongata_GBA34	Mortierella elongata GBA34	Mortierellomycotina	GBA34	SAMN05720796	PRJNA340835	310910	Linnemannia elongata	SRR5191061	BGZ88	Yes	Already		True	True	False	False	True	2016/08/31	SRR5191061	GCA_015679425.1	2020/11/24	True			
Mortierella_elongata_GBA40	Mortierella elongata GBA40	Mortierellomycotina	GBA40	SAMN05720440	PRJNA340836	310910	Linnemannia elongata	SRR5191070	BGZ89	Yes	Already		True	True	False	False	True	2016/08/31	SRR5191070	GCA_015852415.1	2020/12/08	True			
Mortierella_elongata_NVP5	Mortierella elongata NVP5	Mortierellomycotina	NVP5	SAMN05720527	PRJNA340837	310910	Linnemannia elongata	SRR5191073	BGZ90	Yes	Already		True	True	False	False	True	2016/08/31	SRR5191073	GCA_015852395.1	2020/12/08	True			
Mortierella_elongata_NVP71	Mortierella elongata NVP71	Mortierellomycotina	NVP71	SAMN05720528	PRJNA340838	310910	Linnemannia elongata	SRR5192040	BGZ91	Yes	Already		True	True	False	False	True	2016/08/31	SRR5192040	GCA_015679495.1	2020/11/24	True			
Mortierella_epicladia_AD058	Mortierella epicladia AD058	Mortierellomycotina	AD058	SAMN05720441	PRJNA340839	979697	Podila epicladia	SRR5190916	BGZ92	Yes	Already		True	True	False	False	True	2016/08/31	SRR5190916	GCA_015852435.1	2020/12/08	True			
Mortierella_epicladia_KOD_1059	Mortierella epicladia KOD 1059	Mortierellomycotina	KOD 1059	SAMN05720442	PRJNA340840	979697	Podila epicladia	SRR5192068	BGZ93	Yes	Already		True	True	False	False	True	2016/08/31	SRR5192068	GCA_015852495.1	2020/12/08	True			
Mortierella_epigama_NRRL_5512	Mortierella epigama NRRL 5512	Mortierellomycotina	NRRL 5512	SAMN05720443	PRJNA340841	979699	Podila epigama	SRR5192161	BGZ94	Yes	Already		True	True	False	False	True	2016/08/31	SRR5192161	GCA_015679605.1	2020/11/24	True			
Mortierella_exigua_NRRL_28262	Mortierella exigua NRRL 28262	Mortierellomycotina	NRRL 28262	SAMN05720535	PRJNA340842	604196	Linnemannia exigua	SRR5192074	BGZ95	Yes	Already		True	True	False	False	True	2016/08/31	SRR5192074	GCA_016097895.1	2020/12/16	True			
Mortierella_gamsii_AD045	Mortierella gamsii AD045	Mortierellomycotina	AD045	SAMN05720529	PRJNA340843	64522	Linnemannia gamsii	SRR5190920	BGZ96	Yes	Already		True	True	False	False	True	2016/08/31	SRR5190920	GCA_016097855.1	2020/12/16	True			
Mortierella_gamsii_NVP60	Mortierella gamsii NVP60	Mortierellomycotina	NVP60	SAMN05720530	PRJNA340844	64522	Linnemannia gamsii	SRR5192043	BGZ97	Yes	Already		True	True	False	False	True	2016/08/31	SRR5192043	GCA_016097865.1	2020/12/16	True			
Mortierella_globulifera_AD054	Mortierella globulifera AD054	Mortierellomycotina	AD054	SAMN05720444	PRJNA340845	979702	Dissophora globulifera	SRR5190915	BGZ98	Yes	Already		True	True	False	False	True	2016/08/31	SRR5190915	GCA_016097885.1	2020/12/16	True			
Mortierella_globulifera_REB-010B	Mortierella globulifera REB-010B	Mortierellomycotina	REB-010B	SAMN05720531	PRJNA340846	979702	Dissophora globulifera	SRR5192042	BGZ99	Yes	Already		True	True	False	False	True	2016/08/31	SRR5192042	GCA_016097935.1	2020/12/16	True			
Mortierella_horticola_AD009	Mortierella horticola AD009	Mortierellomycotina	AD009	SAMN05720532	PRJNA340847	311239	Podila horticola	SRR5190887	BG000	Yes	Already		True	True	False	False	True	2016/08/31	SRR5190887	GCA_016097925.1	2020/12/16	True			
Mortierella_horticola_CK413	Mortierella horticola CK413	Mortierellomycotina	CK413	SAMN05720445	PRJNA340850	311239	Podila horticola	SRR5190942	BG003	Yes	Already		True	True	False	False	True	2016/08/31	SRR5190942	GCA_015679535.1	2020/11/24	True			
Mortierella_humilis_KOD_1050	Mortierella humilis KOD 1050	Mortierellomycotina	KOD 1050	SAMN05720536	PRJNA340851	64523	Podila humilis	SRR5192069	BG004	Yes	Already		True	True	False	False	True	2016/08/31	SRR5192069	GCA_016097945.1	2020/12/16	True			
Mortierella_hyalina_NRRL_6427	Mortierella hyalina NRRL 6427	Mortierellomycotina	NRRL 6427	SAMN16772471	PRJNA676517	64524	Linnemannia hyalina	SRR13200336	IWQ93	Yes	Yes		True	True	True	True	True	2020/11/12	SRR13200336						
Mortierella_hygrophila_NRRL_2591	Mortierella hygrophila NRRL 2591	Mortierellomycotina	NRRL 2591	SAMN10361082	PRJNA499664	979708	Mortierella hygrophila	SRR8484233	EC957	Yes	Yes		True	True	False	False	True	2018/11/01	SRR8484233	GCA_015680625.1	2020/11/24	True			
Mortierella_isabellina_NRRL_A-11333	Mortierella isabellina NRRL A-11333	Mortierellomycotina	NRRL A-11333	SAMN11510677	PRJNA536134	91625	Umbelopsis isabellina	SRR9712400	FBW87	Yes	Yes		True	True	True	True	True	2019/04/25	SRR9712400						
Mortierella_isabellina_NRRL_A-12504	Mortierella isabellina NRRL A-12504	Mortierellomycotina	NRRL A-12504	SAMN11510678	PRJNA536135	91625	Umbelopsis isabellina	SRR9712401	FBW88	Yes	Yes		True	True	True	True	True	2019/04/25	SRR9712401						
Mortierella_minutissima_AD069	Mortierella minutissima AD069	Mortierellomycotina	AD069	SAMN05720476	PRJNA340852	64525	Podila minutissima	SRR5190917	BG005	Yes	Already		True	True	False	False	True	2016/08/31	SRR5190917	GCA_016098005.1	2020/12/16	True			
Mortierella_minutissima_NVP1	Mortierella minutissima NVP1	Mortierellomycotina	NVP1	SAMN05720446	PRJNA340853	64525	Podila minutissima	SRR5191069	BG006	Yes	Already		True	True	False	False	True	2016/08/31	SRR5191069	GCA_015679485.1	2020/11/24	True			
Mortierella_multidivaricata_NRRL_6456	Mortierella multidivaricata NRRL 6456	Mortierellomycotina	NRRL 6456	SAMN05720499	PRJNA340801	101098	Gamsiella multidivaricata	SRR5192166	BGZ54	Yes	Already		True	True	False	False	True	2016/08/31	SRR5192166	GCA_016098015.1	2020/12/16	True			
Mortierella_nantahalensis_NRRL_5842	Mortierella nantahalensis NRRL 5842	Mortierellomycotina	NRRL 5842	SAMN16772462	PRJNA676558	979717	Linnemannia nantahalensis	SRR13201153	IWR34	Yes	Yes		True	True	True	True	True	2020/11/12	SRR13201153;SRR26360114						
Mortierella_ovata_NRRL_13128	Mortierella ovata NRRL 13128	Mortierellomycotina	NRRL 13128	SAMN11512125	PRJNA537992	201723	Umbelopsis ovata	SRR9650581	FB420	Yes	Yes		True	True	True	True	True	2019/04/25	SRR9650581						
Mortierella_ovata_Yip_NRRL_13127	Mortierella ovata Yip NRRL 13127	Mortierellomycotina	NRRL 13127	SAMN11532225	PRJNA538861	201723	Umbelopsis ovata	SRR9720323	FB629	Yes	Yes		True	True	True	True	True	2019/04/29	SRR9720323						
Mortierella_parvispora_AD039	Mortierella parvispora AD039	Mortierellomycotina	AD039	SAMN05720480	PRJNA340856	205924	Entomortierella parvispora	SRR5190918	BG009	Yes	Already		True	True	False	False	True	2016/08/31	SRR5190918						
Mortierella_polycephala_KOD_948	Mortierella polycephala KOD 948	Mortierellomycotina	KOD 948	SAMN05720452	PRJNA340858	41804	Mortierella polycephala	SRR5192065	BG011	Yes	Already		True	True	False	False	True	2016/08/31	SRR5192065	GCA_016098165.1	2020/12/16	True			
Mortierella_polygonia_AM948	Mortierella polygonia AM948	Mortierellomycotina	AM948	SAMN05720481	PRJNA340860	979731	Mortierella polygonia	SRR5190939	BG012	Yes	Already		True	True	False	False	True	2016/08/31	SRR5190939						
Mortierella_ramanniana_var._autotrophica_NRRL_5843T	Mortierella ramanniana var. autotrophica NRRL 5843T	Mortierellomycotina	NRRL 5843T	SAMN15720030	PRJNA650754	205924	Entomortierella parvispora	SRR12951079;SRR10127294	H4R40	Yes	Yes		True	True	True	True	True	2020/08/04	SRR12951079						
Mortierella_schmuckeri_NRRL_6426	Mortierella schmuckeri NRRL 6426	Mortierellomycotina	NRRL 6426	SAMN05720483	PRJNA340863	64567	Linnemannia schmuckeri	SRR5192165	BG015	Yes	Already		True	True	False	False	True	2016/08/31	SRR5192165	GCA_015502505.1	2020/11/16	True			
Mortierella_selenospora_KOD_1015	Mortierella selenospora KOD 1015	Mortierellomycotina	KOD 1015	SAMN05720454	PRJNA340476	2783965	Lunasporangiospora selenospora	SRR5192055	BGW38	Yes	Already		True	True	False	False	True	2016/08/31	SRR5192055	GCA_015680635.1	2020/11/24	True			
Mortierella_sepedonioides_NRRL_6425	Mortierella sepedonioides NRRL 6425	Mortierellomycotina	NRRL 6425	SAMN16810847	PRJNA676589	2789355	Mortierella sepedonioides	SRR13199772	IWR54	Yes	Yes		True	True	True	True	True	2020/11/16	SRR13199772						
Mortierella_sp._14UC	Mortierella sp. 14UC	Mortierellomycotina	14UC	SAMN05720455	PRJNA340477	1896178	Mortierella sp. 14UC	SRR5192192	BGW39	Yes	Already		True	True	False	False	True	2016/09/01	SRR5192192	GCA_015502465.1	2020/11/16	True			
Mortierella_sp._AD010	Mortierella sp. AD010	Mortierellomycotina	AD010	SAMN05720791	PRJNA340560	1896179	Mortierella sp. AD010	SRR5190885	BGX20	Yes	Already		True	True	True	True	True	2016/09/01	SRR5190885	GCA_015502575.1	2020/11/16	True			
Mortierella_sp._AD011	Mortierella sp. AD011	Mortierellomycotina	AD011	SAMN05720798	PRJNA340561	1896180	Mortierella sp. AD011	SRR5190894	BGX21	Yes	Already		True	True	True	True	True	2016/09/01	SRR5190894	GCA_015679695.1	2020/11/24	True			
Mortierella_sp._AD031	Mortierella sp. AD031	Mortierellomycotina	AD031	SAMN05720799	PRJNA340563	1896182	Mortierella sp. AD031	SRR5190922	BGX23	Yes	Already		True	True	True	True	True	2016/09/01	SRR5190922	GCA_015502475.1	2020/11/16	True			
Mortierella_sp._AD032	Mortierella sp. AD032	Mortierellomycotina	AD032	SAMN05720491	PRJNA340564	1896183	Mortierella sp. AD032	SRR5190921	BGX24	Yes	Already		True	True	True	True	True	2016/09/01	SRR5190921	GCA_016098025.1	2020/12/16	True			
Mortierella_sp._AD094	Mortierella sp. AD094	Mortierellomycotina	AD094	SAMN05720438	PRJNA340566	1896185	Mortierella sp. AD094	SRR5190932	BGX26	Yes	Already		True	True	True	True	True	2016/09/01	SRR5190932	GCA_015679545.1	2020/11/24	True			
Mortierella_sp._AM989	Mortierella sp. AM989	Mortierellomycotina	AM989	SAMN05720439	PRJNA340567	1896186	Mortierella sp. AM989	SRR5190940	BGX27	Yes	Already		True	True	True	True	True	2016/09/01	SRR5190940	GCA_015502455.1	2020/11/16	True			
Mortierella_sp._GBA30	Mortierella sp. GBA30	Mortierellomycotina	GBA30	SAMN05720448	PRJNA340568	1896187	Mortierella sp. GBA30	SRR5190946	BGX28	Yes	Already		True	True	True	True	True	2016/09/01	SRR5190946	GCA_016098035.1	2020/12/16	True			
Mortierella_sp._GBA35	Mortierella sp. GBA35	Mortierellomycotina	GBA35	SAMN05720449	PRJNA340569	1896188	Mortierella sp. GBA35	SRR5191062	BGX29	Yes	Already		True	True	True	True	True	2016/09/01	SRR5191062	GCA_015502445.1	2020/11/16	True			
Mortierella_sp._GBA39	Mortierella sp. GBA39	Mortierellomycotina	GBA39	SAMN05720493	PRJNA340570	1896189	Mortierella sp. GBA39	SRR5191068	BGX30	Yes	Already		True	True	True	True	True	2016/09/01	SRR5191068	GCA_015502485.1	2020/11/16	True			
Mortierella_sp._GBA43	Mortierella sp. GBA43	Mortierellomycotina	GBA43	SAMN05720494	PRJNA340571	1896190	Mortierella sp. GBA43	SRR5191071	BGX31	Yes	Already		True	True	True	True	True	2016/09/01	SRR5191071	GCA_016098045.1	2020/12/16	True			
Mortierella_sp._KOD_1030	Mortierella sp. KOD 1030	Mortierellomycotina	KOD 1030	SAMN05720520	PRJNA340821			SRR5192060	BGZ74	Yes	Yes		True	True	False	False	True	2016/08/31	SRR5192060	GCA_015679405.1	2020/11/24	True			
Mortierella_sp._NRRL_1458	Mortierella sp. NRRL 1458	Mortierellomycotina	NRRL 1458	SAMN16810876	PRJNA676528	2789363	Mortierella sp. NRRL 1458	SRR13200773	IWR04	Yes	Yes		True	True	True	True	True	2020/11/16	SRR13200773						
Mortierella_sp._NRRL_1617	Mortierella sp. NRRL 1617	Mortierellomycotina	NRRL 1617	SAMN16810865	PRJNA676522	2789364	Mortierella sp. NRRL 1617	SRR13200702	IWQ98	Yes	Yes		True	True	True	True	True	2020/11/16	SRR13200702						
Mortierella_sp._NVP41	Mortierella sp. NVP41	Mortierellomycotina	NVP41	SAMN05720450	PRJNA340573	1896192	Mortierella sp. NVP41	SRR5191074	BGX33	Yes	Already		True	True	True	True	True	2016/09/01	SRR5191074	GCA_016098085.1	2020/12/16	True			
Mortierella_sp._NVP85	Mortierella sp. NVP85	Mortierellomycotina	NVP85	SAMN05720496	PRJNA340574	1896193	Mortierella sp. NVP85	SRR5192045	BGX34	Yes	Already		True	True	True	True	True	2016/09/01	SRR5192045	GCA_015679515.1	2020/11/24	True			
Mortierella_verticillata_AD079	Mortierella verticillata AD079	Mortierellomycotina	AD079	SAMN07687489	PRJNA410321	78898	Podila verticillata	SRR6257767	CPB97	Yes	Already		True	True	False	False	True	2017/09/22	SRR6257767	GCA_015679595.1	2020/11/24	True			
Mortierella_verticillata_NRRL_2611	Mortierella verticillata NRRL 2611	Mortierellomycotina	NRRL 2611	SAMN05720458	PRJNA340806	78898	Podila verticillata	SRR5192041	BGZ59	Yes	Already		True	True	False	False	True	2016/08/31	SRR5192041	GCA_015529785.1	2020/11/17	True			
Mortierella_verticillata_TTC192	Mortierella verticillata TTC192	Mortierellomycotina	TTC192	SAMN07687234	PRJNA410574	78898	Podila verticillata	SRR6257765	CPC16	Yes	Already		True	True	False	False	True	2017/09/22	SRR6257765	GCA_015679645.1	2020/11/24	True			
Mortierella_vinacea_NRRL_A-13231	Mortierella vinacea NRRL A-13231	Mortierellomycotina	NRRL A-13231	SAMN16772735	PRJNA676516	44442	Umbelopsis vinacea	SRR13200203	IWQ92	Yes	Yes		True	True	True	True	True	2020/11/12	SRR13200203						
Mortierella_wolfii_NRRL_6351	Mortierella wolfii NRRL 6351	Mortierellomycotina	NRRL 6351	SAMN05720777	PRJNA340479	90253	Actinomortierella wolfii	SRR11558084;SRR5192162	BGW41	Yes	Already		True	True	False	False	True	2016/08/31	SRR5192162	GCA_016098105.1	2020/12/16	True			
Mortierella_wolfii_NRRL_66265	Mortierella wolfii NRRL 66265	Mortierellomycotina	NRRL 66265	SAMN05720778	PRJNA340481	90253	Actinomortierella wolfii	SRR5192160	BGW42	Yes	Already		True	True	False	False	True	2016/08/31	SRR5192160	GCA_016098135.1	2020/12/16	True			
Mortierella_zychae_NRRL_2592	Mortierella zychae NRRL 2592	Mortierellomycotina	NRRL 2592	SAMN10361244	PRJNA499697	979765	Linnemannia zychae	SRR8485113	EC991	Yes	Yes		True	True	False	False	True	2018/11/01	SRR8485113	GCA_015847235.1	2020/12/08	True			
Mortierella_zychae_PUST_F9C	Mortierella zychae PUST F9C	Mortierellomycotina	PUST F9C	SAMN11510820	PRJNA535811	979765	Linnemannia zychae	SRR10127297	FBU30	Yes	Yes		True	True	False	False	True	2019/04/25	SRR10127297	GCA_015847195.1	2020/12/08	True			
Absidia_blakesleeana_NRRL_1300	Absidia blakesleeana NRRL 1300	Mucoromycotina	NRRL 1300	SAMN10363164	PRJNA500524	101563	Lichtheimia blakesleeana	SRR8263185	EDD06	Yes	Yes		True	True	True	True	True	2018/11/01	SRR8263185						FLAG
Absidia_blakesleeana_NRRL_1301	Absidia blakesleeana NRRL 1301	Mucoromycotina	NRRL 1301	SAMN10363194	PRJNA500525	101563	Lichtheimia blakesleeana	SRR8263201	EDD07	Yes	Yes		True	True	True	True	True	2018/11/01	SRR8263201						FLAG
Absidia_blakesleeana_NRRL_1303	Absidia blakesleeana NRRL 1303	Mucoromycotina	NRRL 1303	SAMN16772711	PRJNA676544	101563	Lichtheimia blakesleeana	SRR13201086	IWR20	Yes	Yes		True	True	True	True	True	2020/11/12	SRR13201086;SRR26360100						FLAG
Absidia_caerulea_RSA_138_Plus	Absidia caerulea RSA 138_Plus	Mucoromycotina	RSA 138_Plus	SAMN11493357	PRJNA535042	90261	Absidia caerulea	SRR10125932	FBN33	Yes	Yes		False	False	True	True	True	2019/04/24	SRR10125932						
Absidia_caerulea_RSA_138-	Absidia caerulea RSA 138-	Mucoromycotina	RSA 138-	SAMN11493356	PRJNA535039	90261	Absidia caerulea	SRR10125926	FBN30	Yes	Yes		True	True	True	True	True	2019/04/24	SRR10125926						
Absidia_californica_NRRL_2709	Absidia californica NRRL 2709	Mucoromycotina	NRRL 2709	SAMN10361471	PRJNA499665	327741	Absidia californica	SRR8481677	EC959	Yes	Yes		True	True	True	True	True	2018/11/01	SRR8481677						
Absidia_californica_NRRL_2967	Absidia californica NRRL 2967	Mucoromycotina	NRRL 2967	SAMN13170688	PRJNA585273	327741	Absidia californica	SRR10841528	GGT68	Yes	Yes		True	True	True	True	True	2019/10/31	SRR10841528						
Absidia_coerulea_NRRL_1310	Absidia coerulea NRRL 1310	Mucoromycotina	NRRL 1310	SAMN10363195	PRJNA500526	90261	Absidia caerulea	SRR8263195	EDD08	Yes	Yes		True	True	True	True	True	2018/11/01	SRR8263195						
Absidia_coerulea_NRRL_1312	Absidia coerulea NRRL 1312	Mucoromycotina	NRRL 1312	SAMN16772322	PRJNA676551	90261	Absidia caerulea	SRR13201093	IWR27	Yes	Yes		True	True	True	True	True	2020/11/12	SRR13201093;SRR26360086						
Absidia_coerulea_NRRL_1313	Absidia coerulea NRRL 1313	Mucoromycotina	NRRL 1313	SAMN10363165	PRJNA500527	90261	Absidia caerulea	SRR8263167	EDD09	Yes	Yes		True	True	True	True	True	2018/11/01	SRR8263167						
Absidia_coerulea_NRRL_1314	Absidia coerulea NRRL 1314	Mucoromycotina	NRRL 1314	SAMN10363196	PRJNA500528	90261	Absidia caerulea	SRR8263198	EDD10	Yes	Yes		True	True	True	True	True	2018/11/01	SRR8263198						
Absidia_coerulea_NRRL_1502	Absidia coerulea NRRL 1502	Mucoromycotina	NRRL 1502	SAMN16772293	PRJNA676561	90261	Absidia caerulea	SRR13201167	IWR37	Yes	Yes		True	True	True	True	True	2020/11/12	SRR13201167						
Absidia_coerulea_NRRL_5926	Absidia coerulea NRRL 5926	Mucoromycotina	NRRL 5926	SAMN13170812	PRJNA585274	90261	Absidia caerulea	SRR10841506	GGT69	Yes	Yes		True	True	True	True	True	2019/10/31	SRR10841506						
Absidia_coerulea_NRRL_A-26290	Absidia coerulea NRRL A-26290	Mucoromycotina	NRRL A-26290	SAMN10361223	PRJNA499681	90261	Absidia caerulea	SRR8481678	EC975	Yes	Yes		True	True	True	True	True	2018/11/01	SRR8481678						
Absidia_coerulea_NRRL_A-9483	Absidia coerulea NRRL A-9483	Mucoromycotina	NRRL A-9483	SAMN10361224	PRJNA499682	90261	Absidia caerulea	SRR8481676	EC976	Yes	Yes		True	True	True	True	True	2018/11/01	SRR8481676						
Absidia_corymbifera_Cohn_Saccardo_Trotter_NRRL_1334	Absidia corymbifera Cohn Saccardo Trotter NRRL 1334	Mucoromycotina	NRRL 1334	SAMN11510243	PRJNA536229	42458	Lichtheimia corymbifera	SRR9720320	FBX82	Yes	Yes		True	True	True	True	True	2019/04/25	SRR9720320						FLAG
Absidia_corymbifera_NRRL_1318	Absidia corymbifera NRRL 1318	Mucoromycotina	NRRL 1318	SAMN16772734	PRJNA676545	42458	Lichtheimia corymbifera	SRR13201085	IWR21	Yes	Yes		True	True	True	True	True	2020/11/12	SRR13201085;SRR26360129						FLAG
Absidia_corymbifera_NRRL_1321	Absidia corymbifera NRRL 1321	Mucoromycotina	NRRL 1321	SAMN16772328	PRJNA676560	42458	Lichtheimia corymbifera	SRR13201165	IWR36	Yes	Yes		True	True	True	True	True	2020/11/12	SRR13201165;SRR26360089						FLAG
Absidia_corymbifera_NRRL_1331	Absidia corymbifera NRRL 1331	Mucoromycotina	NRRL 1331	SAMN16772356	PRJNA676518	42458	Lichtheimia corymbifera	SRR13200337	IWQ94	Yes	Yes		True	True	True	True	True	2020/11/12	SRR13200337						FLAG
Absidia_corymbifera_NRRL_1516	Absidia corymbifera NRRL 1516	Mucoromycotina	NRRL 1516	SAMN16772544	PRJNA676590	42458	Lichtheimia corymbifera	SRR13199775	IWR56	Yes	Yes		True	True	True	True	True	2020/11/12	SRR13199775						FLAG
Absidia_corymbifera_NRRL_1561	Absidia corymbifera NRRL 1561	Mucoromycotina	NRRL 1561	SAMN16772540	PRJNA676546	42458	Lichtheimia corymbifera	SRR13201087	IWR22	Yes	Yes		True	True	True	True	True	2020/11/12	SRR13201087						FLAG
Absidia_corymbifera_NRRL_1590	Absidia corymbifera NRRL 1590	Mucoromycotina	NRRL 1590	SAMN16772715	PRJNA676552	42458	Lichtheimia corymbifera	SRR13201095	IWR28	Yes	Yes		True	True	True	True	True	2020/11/12	SRR13201095;SRR26360132						FLAG
Absidia_corymbifera_NRRL_2798	Absidia corymbifera NRRL 2798	Mucoromycotina	NRRL 2798	SAMN13170811	PRJNA585272	42458	Lichtheimia corymbifera	SRR10841507	GGT67	Yes	Yes		True	True	True	True	True	2019/10/31	SRR10841507						FLAG
Absidia_corymbifera_NRRL_2982	Absidia corymbifera NRRL 2982	Mucoromycotina	NRRL 2982	SAMN11512116	PRJNA537979	42458	Lichtheimia corymbifera	SRR9029097	FB407	Yes	Yes		True	True	True	True	True	2019/04/25	SRR9029097						FLAG
Absidia_corymbifera_NRRL_3177	Absidia corymbifera NRRL 3177	Mucoromycotina	NRRL 3177	SAMN16772327	PRJNA676553	42458	Lichtheimia corymbifera	SRR13201149	IWR29	Yes	Yes		True	True	True	True	True	2020/11/12	SRR13201149;SRR26360081						FLAG
Absidia_corymbifera_NRRL_6232	Absidia corymbifera NRRL 6232	Mucoromycotina	NRRL 6232	SAMN16772637	PRJNA676530	42458	Lichtheimia corymbifera	SRR13200778	IWR06	Yes	Yes		True	True	True	True	True	2020/11/12	SRR13200778						FLAG
Absidia_corymbifera_NRRL_6247	Absidia corymbifera NRRL 6247	Mucoromycotina	NRRL 6247	SAMN16772591	PRJNA676538	42458	Lichtheimia corymbifera	SRR13200959	IWR14	Yes	Yes		True	True	True	True	True	2020/11/12	SRR13200959						FLAG
Absidia_corymbifera_NRRL_6248	Absidia corymbifera NRRL 6248	Mucoromycotina	NRRL 6248	SAMN16772408	PRJNA676563	42458	Lichtheimia corymbifera	SRR13201169	IWR39	Yes	Yes		True	True	True	True	True	2020/11/12	SRR13201169;SRR26360128						FLAG
Absidia_corymbifera_NRRL_6250	Absidia corymbifera NRRL 6250	Mucoromycotina	NRRL 6250							Yes	Yes		True	True	True	True	False								FLAG
Absidia_corymbifera_NRRL_A-13288	Absidia corymbifera NRRL A-13288	Mucoromycotina	NRRL A-13288	SAMN16772671	PRJNA676531	42458	Lichtheimia corymbifera	SRR13200779	IWR07	Yes	Yes		True	True	True	True	True	2020/11/12	SRR13200779						FLAG
Absidia_corymbifera_NRRL_A-13636	Absidia corymbifera NRRL A-13636	Mucoromycotina	NRRL A-13636	SAMN16772654	PRJNA676540	42458	Lichtheimia corymbifera	SRR13200960	IWR16	Yes	Yes		True	True	True	True	True	2020/11/12	SRR13200960						FLAG
Absidia_corymbifera_NRRL_A-14689	Absidia corymbifera NRRL A-14689	Mucoromycotina	NRRL A-14689	SAMN16772670	PRJNA676595	42458	Lichtheimia corymbifera	SRR13200204	IWR61	Yes	Yes		True	True	True	True	True	2020/11/12	SRR13200204						FLAG
Absidia_corymbifera_NRRL_A-14836	Absidia corymbifera NRRL A-14836	Mucoromycotina	NRRL A-14836	SAMN16772419	PRJNA676525	42458	Lichtheimia corymbifera	SRR13200708	IWR01	Yes	Yes		True	True	True	True	True	2020/11/12	SRR13200708						FLAG
Absidia_corymbifera_NRRL_A-18864	Absidia corymbifera NRRL A-18864	Mucoromycotina	NRRL A-18864	SAMN16772721	PRJNA676564	42458	Lichtheimia corymbifera	SRR13201170	IWR40	Yes	Yes		True	True	True	True	True	2020/11/12	SRR13201170;SRR26360107						FLAG
Absidia_corymbifera_NRRL_A-23566	Absidia corymbifera NRRL A-23566	Mucoromycotina	NRRL A-23566	SAMN16772545	PRJNA676532	42458	Lichtheimia corymbifera	SRR13200948	IWR08	Yes	Yes		True	True	True	True	True	2020/11/12	SRR13200948						FLAG
Absidia_corymbifera_NRRL_A-25981	Absidia corymbifera NRRL A-25981	Mucoromycotina	NRRL A-25981	SAMN16772472	PRJNA676520	42458	Lichtheimia corymbifera	SRR13200338	IWQ96	Yes	Yes		True	True	True	True	True	2020/11/12	SRR13200338						FLAG
Absidia_corymbifera_NRRL_A-25984	Absidia corymbifera NRRL A-25984	Mucoromycotina	NRRL A-25984	SAMN16772339	PRJNA676555	42458	Lichtheimia corymbifera	SRR13201150	IWR31	Yes	Yes		True	True	True	True	True	2020/11/12	SRR13201150;SRR26360101						FLAG
Absidia_cuneospora_NRRL_2655	Absidia cuneospora NRRL 2655	Mucoromycotina	NRRL 2655	SAMN16772366	PRJNA676562	420592	Absidia cuneospora	SRR13201168	IWR38	Yes	Yes		True	True	True	True	True	2020/11/12	SRR13201168;SRR26360102						
Absidia_cuneospora_RSA_623_Plus	Absidia cuneospora RSA 623_Plus	Mucoromycotina	RSA 623_Plus	SAMN11510655	PRJNA535831	420592	Absidia cuneospora	SRR10126346	FBU52	Yes	Yes		False	False	True	True	True	2019/04/25	SRR10126346						
Absidia_cuneospora_RSA_624-	Absidia cuneospora RSA 624-	Mucoromycotina	RSA 624-	SAMN11510659	PRJNA535835	420592	Absidia cuneospora	SRR10126351	FBU57	Yes	Yes		True	True	True	True	True	2019/04/25	SRR10126351						
Absidia_cylindrospora_NRRL_1341	Absidia cylindrospora NRRL 1341	Mucoromycotina	NRRL 1341	SAMN10361447	PRJNA499646	213030	Absidia cylindrospora	SRR8481854	EC939	Yes	Yes		True	True	True	True	True	2018/11/01	SRR8481854						
Absidia_cylindrospora_NRRL_1342	Absidia cylindrospora NRRL 1342	Mucoromycotina	NRRL 1342							Yes	Yes		True	True	True	True	False								
Absidia_cylindrospora_NRRL_1343	Absidia cylindrospora NRRL 1343	Mucoromycotina	NRRL 1343	SAMN10864346	PRJNA518916	213030	Absidia cylindrospora	SRR8873053	EVY04	Yes	Yes		True	True	True	True	True	2019/02/01	SRR8873053						
Absidia_cylindrospora_NRRL_1345	Absidia cylindrospora NRRL 1345	Mucoromycotina	NRRL 1345	SAMN10361448	PRJNA499647	213030	Absidia cylindrospora	SRR8481681	EC940	Yes	Yes		True	True	True	True	True	2018/11/01	SRR8481681						
Absidia_cylindrospora_NRRL_13891	Absidia cylindrospora NRRL 13891	Mucoromycotina	NRRL 13891	SAMN10361079	PRJNA499659	213030	Absidia cylindrospora	SRR8481680	EC952	Yes	Yes		True	True	True	True	True	2018/11/01	SRR8481680						
Absidia_cylindrospora_NRRL_1560	Absidia cylindrospora NRRL 1560	Mucoromycotina	NRRL 1560	SAMN16772636	PRJNA676592	213030	Absidia cylindrospora	SRR13199773	IWR58	Yes	Yes		True	True	True	True	True	2020/11/12	SRR13199773						
Absidia_cylindrospora_NRRL_3069	Absidia cylindrospora NRRL 3069	Mucoromycotina	NRRL 3069	SAMN10361215	PRJNA499668	213030	Absidia cylindrospora	SRR8481862	EC962	Yes	Yes		True	True	True	True	True	2018/11/01	SRR8481862						
Absidia_cylindrospora_var._cylindrospora_NRRL_2796	Absidia cylindrospora var. cylindrospora NRRL 2796	Mucoromycotina	NRRL 2796	SAMN10361575	PRJNA499687	213030	Absidia cylindrospora	SRR8481679	EC981	Yes	Yes		True	True	True	True	True	2018/11/01	SRR8481679						
Absidia_cylindrospora_var._nigra_NRRL_3031	Absidia cylindrospora var. nigra NRRL 3031	Mucoromycotina	NRRL 3031	SAMN10361226	PRJNA499689	213030	Absidia cylindrospora	SRR8481879	EC983	Yes	Yes		True	True	True	True	True	2018/11/01	SRR8481879						
Absidia_cylindrospora_var._nigra_NRRL_3032	Absidia cylindrospora var. nigra NRRL 3032	Mucoromycotina	NRRL 3032	SAMN16772288	PRJNA676423	213030	Absidia cylindrospora	SRR13200339	IWQ58	Yes	Yes		True	True	True	True	True	2020/11/12	SRR13200339						
Absidia_cylindrospora_var._nigra_NRRL_3060	Absidia cylindrospora var. nigra NRRL 3060	Mucoromycotina	NRRL 3060							Yes	Yes		True	True	True	True	False								
Absidia_dubia_NRRL_1322	Absidia dubia NRRL 1322	Mucoromycotina	NRRL 1322	SAMN10872457	PRJNA518915	2512238	Absidia dubia	SRR8873416	EVY03	Yes	Yes		True	True	True	True	True	2019/02/04	SRR8873416						
Absidia_glauca_NRRL_1324	Absidia glauca NRRL 1324	Mucoromycotina	NRRL 1324							Yes	Yes		True	True	True	True	False								
Absidia_glauca_NRRL_1327	Absidia glauca NRRL 1327	Mucoromycotina	NRRL 1327	SAMN10361445	PRJNA499644	4829	Absidia glauca	SRR8481774	EC937	Yes	Yes		True	True	True	True	True	2018/11/01	SRR8481774						
Absidia_glauca_NRRL_1328	Absidia glauca NRRL 1328	Mucoromycotina	NRRL 1328			4829	Absidia glauca			Yes	Yes		True	True	True	True	False								
Absidia_glauca_NRRL_2460	Absidia glauca NRRL 2460	Mucoromycotina	NRRL 2460	SAMN16772351	PRJNA676529	4829	Absidia glauca	SRR13200776	IWR05	Yes	Yes		True	True	True	True	True	2020/11/12	SRR13200776						
Absidia_glauca_NRRL_3010	Absidia glauca NRRL 3010	Mucoromycotina	NRRL 3010							Yes	Yes		True	True	True	True	False								
Absidia_glauca_NRRL_A-25980	Absidia glauca NRRL A-25980	Mucoromycotina	NRRL A-25980							Yes	Yes		True	True	True	True	False								
Absidia_hyalospora_NRRL_1330	Absidia hyalospora NRRL 1330	Mucoromycotina	NRRL 1330	SAMN11510244	PRJNA536230	420593	Lichtheimia hyalospora	SRR9720321	FBX83	Yes	Yes		True	True	True	True	True	2019/04/25	SRR9720321						FLAG
Absidia_inflata_NRRL_6591	Absidia inflata NRRL 6591	Mucoromycotina	NRRL 6591	SAMN10872474	PRJNA519280	2512247	Absidia inflata	SRR8873481	EV167	Yes	Yes		True	True	True	True	True	2019/02/04	SRR8873481						
Absidia_macrospora_NRRL_3768	Absidia macrospora NRRL 3768	Mucoromycotina	NRRL 3768	SAMN16772677	PRJNA676537	327742	Absidia macrospora	SRR13200957	IWR13	Yes	Yes		True	True	True	True	True	2020/11/12	SRR13200957						FLAG
Absidia_macrospora_NRRL_5839	Absidia macrospora NRRL 5839	Mucoromycotina	NRRL 5839	SAMN10361473	PRJNA499670	327742	Absidia macrospora	SRR8481667	EC964	Yes	Yes		True	True	True	True	True	2018/11/01	SRR8481667						
Absidia_parricida_NRRL_2409	Absidia parricida NRRL 2409	Mucoromycotina	NRRL 2409							Yes	Yes		True	True	False	False	False								FLAG
Absidia_pseudocylindrospora_NRRL_2984	Absidia pseudocylindrospora NRRL 2984	Mucoromycotina	NRRL 2984	SAMN11510674	PRJNA536127	420594	Absidia pseudocylindrospora	SRR10087136	FBW80	Yes	Yes		True	True	True	True	True	2019/04/25	SRR10087136						
Absidia_ramosa_NRRL_A-13095	Absidia ramosa NRRL A-13095	Mucoromycotina	NRRL A-13095	SAMN16772420	PRJNA676548	688394	Lichtheimia ramosa	SRR13201088	IWR24	Yes	Yes		True	True	True	True	True	2020/11/12	SRR13201088;SRR26360109						FLAG
Absidia_ramosa_NRRL_A-16036	Absidia ramosa NRRL A-16036	Mucoromycotina	NRRL A-16036	SAMN16772355	PRJNA676594	688394	Lichtheimia ramosa	SRR13200196	IWR60	Yes	Yes		True	True	True	True	True	2020/11/12	SRR13200196						FLAG
Absidia_ramosa_NRRL_A-16673	Absidia ramosa NRRL A-16673	Mucoromycotina	NRRL A-16673	SAMN16772638	PRJNA676554	688394	Lichtheimia ramosa	SRR13201124	IWR30	Yes	Yes		True	True	False	False	True	2020/11/12	SRR13201124;SRR26360093						FLAG
Absidia_ramosa_NRRL_A-25726	Absidia ramosa NRRL A-25726	Mucoromycotina	NRRL A-25726	SAMN16772379	PRJNA676519	688394	Lichtheimia ramosa	SRR13200335	IWQ95	Yes	Yes		True	True	True	True	True	2020/11/12	SRR13200335						FLAG
Absidia_repens_NRRL_1337	Absidia repens NRRL 1337	Mucoromycotina	NRRL 1337	SAMN16772551	PRJNA676523	90262	Absidia repens	SRR13200704	IWQ99	Yes	Yes		True	True	True	True	True	2020/11/12	SRR13200704						FLAG
Absidia_repens_NRRL_1338	Absidia repens NRRL 1338	Mucoromycotina	NRRL 1338	SAMN16772468	PRJNA676591	90262	Absidia repens	SRR13199771	IWR57	Yes	Yes		True	True	True	True	True	2020/11/12	SRR13199771						
Absidia_sp._NRRL_3163	Absidia sp. NRRL 3163	Mucoromycotina	NRRL 3163	SAMN16810845	PRJNA676593	2789358	Absidia sp. NRRL 3163	SRR13200012	IWR59	Yes	Yes		True	True	True	True	True	2020/11/16	SRR13200012				Phascolomyces sp. (unconfirmed)	exclude from species-level scoring	FLAG
Absidia_sp._NRRL_A-14007	Absidia sp. NRRL A-14007	Mucoromycotina	NRRL A-14007	SAMN16810879	PRJNA676515	2789353	Absidia sp. NRRL A-14007	SRR13200195	IWQ91	Yes	Yes		True	True	True	True	True	2020/11/16	SRR13200195						FLAG
Absidia_sp._NRRL_A-16789	Absidia sp. NRRL A-16789	Mucoromycotina	NRRL A-16789	SAMN11533291	PRJNA536129	2572679	Absidia sp. NRRL A-16789	SRR9712617	FBW82	Yes	Yes		True	True	True	True	True	2019/04/29	SRR9712617						FLAG
Absidia_sp._NRRL_A-17469	Absidia sp. NRRL A-17469	Mucoromycotina	NRRL A-17469							Yes	Yes		True	True	True	True	False								FLAG
Absidia_sp._NRRL_A-19777	Absidia sp. NRRL A-19777	Mucoromycotina	NRRL A-19777	SAMN16810875	PRJNA676524	2789365	Absidia sp. NRRL A-19777	SRR13200719	IWR00	Yes	Yes		True	True	True	True	True	2020/11/16	SRR13200719						FLAG
Absidia_spinosa_NRRL_A-13651	Absidia spinosa NRRL A-13651	Mucoromycotina	NRRL A-13651	SAMN10361474	PRJNA499677	126712	Absidia spinosa	SRR8481857	EC971	Yes	Yes		True	True	True	True	True	2018/11/01	SRR8481857						
Absidia_spinosa_var._azygospora_NRRL_2841	Absidia spinosa var. azygospora NRRL 2841	Mucoromycotina	NRRL 2841	SAMN10361574	PRJNA499686	126712	Absidia spinosa	SRR8481880	EC980	Yes	Yes		True	True	True	True	True	2018/11/01	SRR8481880						
Absidia_spinosa_var._biappendiculata_NRRL_3033	Absidia spinosa var. biappendiculata NRRL 3033	Mucoromycotina	NRRL 3033	SAMN11510665	PRJNA536117	126712	Absidia spinosa	SRR10087135;SRR13200919	FBW70	Yes	Yes		True	True	True	True	True	2019/04/25	SRR10087135						
Absidia_zychae_NRRL_A-23515	Absidia zychae NRRL A-23515	Mucoromycotina	NRRL A-23515	SAMN10361222	PRJNA499680	36079	Lentamyces zychae	SRR8481682	EC974	Yes	Yes		True	True	True	True	True	2018/11/01	SRR8481682						
Actinomucor_elegans_NRRL_13011	Actinomucor elegans NRRL 13011	Mucoromycotina	NRRL 13011	SAMN16772342	PRJNA676569	64647	Actinomucor elegans	SRR13201176	IWR45	Yes	Yes		True	True	True	True	True	2020/11/12	SRR13201176;SRR35217011;SRR35217012						
Actinomucor_elegans_NRRL_1403	Actinomucor elegans NRRL 1403	Mucoromycotina	NRRL 1403	SAMN16772622	PRJNA676549	64647	Actinomucor elegans	SRR13201092	IWR25	Yes	Yes		True	True	True	True	True	2020/11/12	SRR13201092;SRR26360094						
Actinomucor_elegans_NRRL_1706	Actinomucor elegans NRRL 1706	Mucoromycotina	NRRL 1706	SAMN16772587	PRJNA676556	64647	Actinomucor elegans	SRR13201151	IWR32	Yes	Yes		True	True	True	True	True	2020/11/12	SRR13201151;SRR26360092						
Actinomucor_elegans_NRRL_3104	Actinomucor elegans NRRL 3104	Mucoromycotina	NRRL 3104	SAMN16772590	PRJNA676533	64647	Actinomucor elegans	SRR13200949	IWR09	Yes	Yes		True	True	True	True	True	2020/11/12	SRR13200949						
Actinomucor_elegans_NRRL_6572	Actinomucor elegans NRRL 6572	Mucoromycotina	NRRL 6572	SAMN16772731	PRJNA676526	64647	Actinomucor elegans	SRR13200775	IWR02	Yes	Yes		True	True	True	True	True	2020/11/12	SRR13200775						
Actinomucor_sp._NRRL_A-23671	Actinomucor sp. NRRL A-23671	Mucoromycotina	NRRL A-23671	SAMN11533292	PRJNA535673	2572621	Actinomucor sp. NRRL A-23671	SRR9719481	FBU17	Yes	Yes		True	True	True	True	True	2019/04/29	SRR9719481						FLAG
Alternaria_sp._NRRL_15289	Alternaria sp. NRRL 15289	Mucoromycotina	NRRL 15289	SAMN16810851	PRJNA676571	2789354	Alternaria sp. NRRL 15289	SRR13201203	IWR47	Yes	Yes		True	True	True	True	True	2020/11/16	SRR13201203						
Amylomyces_rouxii_NRRL_3160	Amylomyces rouxii NRRL 3160	Mucoromycotina	NRRL 3160	SAMN14512001	PRJNA619719	29923	Amylomyces rouxii	SRR12267311	HDU72	No	No		True	True	True	True	True	2020/03/31	SRR12267311						FLAG
Amylomyces_rouxii_NRRL_5192	Amylomyces rouxii NRRL 5192	Mucoromycotina	NRRL 5192	SAMN14512101	PRJNA619720	29923	Amylomyces rouxii	SRR12267312	HDU73	No	No		True	True	True	True	True	2020/03/31	SRR12267312						FLAG
Amylomyces_rouxii_NRRL_A-25885	Amylomyces rouxii NRRL A-25885	Mucoromycotina	NRRL A-25885	SAMN14512102	PRJNA619721	29923	Amylomyces rouxii	SRR12266693	HDU74	No	No		True	True	True	True	True	2020/03/31	SRR12266693						FLAG
Apophysomyces_ossiformis_NRRL_A-21654	Apophysomyces ossiformis NRRL A-21654	Mucoromycotina	NRRL A-21654	SAMN10361476	PRJNA499679	679940	Apophysomyces ossiformis	SRR8481860	EC973	Yes	Yes		True	True	True	True	True	2018/11/01	SRR8481860	GCA_014839865.1	2020/10/02	True			
Apophysomyces_sp._BC1015	Apophysomyces sp. BC1015	Mucoromycotina	BC1015	SAMN09083227	PRJNA463337	2184030	Apophysomyces sp. BC1015	SRR7686240	DFQ30	Yes	Yes		True	True	True	True	True	2018/05/07	SRR7686240	GCA_016097715.1	2020/12/16	True			
Apophysomyces_sp._BC1021	Apophysomyces sp. BC1021	Mucoromycotina	BC1021	SAMN09083213	PRJNA463336	2184031	Apophysomyces sp. BC1021	SRR7686241	DFQ29	Yes	Yes		True	True	True	True	True	2018/05/07	SRR7686241	GCA_016097735.1	2020/12/16	True			
Apophysomyces_sp._BC1034	Apophysomyces sp. BC1034	Mucoromycotina	BC1034	SAMN09083216	PRJNA463335	2184029	Apophysomyces sp. BC1034	SRR7686242	DFQ28	Yes	Yes		True	True	True	True	True	2018/05/07	SRR7686242	GCA_016097755.1	2020/12/16	True			
Backusella_circina_NRRL_2446	Backusella circina NRRL 2446	Mucoromycotina	NRRL 2446	SAMN10361470	PRJNA499663	64653	Backusella circina	SRR8481859	K501	Yes	Yes		True	True	True	True	True	2018/11/01	SRR8481859						
Backusella_circina_NRRL_3293	Backusella circina NRRL 3293	Mucoromycotina	NRRL 3293	SAMN16772461	PRJNA676557	64653	Backusella circina	SRR13201152	IWR33	Yes	Yes		True	True	True	True	True	2020/11/12	SRR13201152;SRR26360127						
Backusella_circina_NRRL_6007	Backusella circina NRRL 6007	Mucoromycotina	NRRL 6007	SAMN16772547	PRJNA676542	64653	Backusella circina	SRR13201013	IWR18	Yes	Yes		True	True	True	True	True	2020/11/12	SRR13201013						
Backusella_circina_NRRL_A-17781	Backusella circina NRRL A-17781	Mucoromycotina	NRRL A-17781	SAMN10361475	PRJNA499678	64653	Backusella circina	SRR8481861	EC972	Yes	Yes		True	True	True	True	True	2018/11/01	SRR8481861						
Backusella_ctenidia_NRRL_6239	Backusella ctenidia NRRL 6239	Mucoromycotina	NRRL 6239	SAMN15741646	PRJNA653071	101144	Mucor ctenidius	SRR13200774;SRR12691403	H4W98	Yes	Yes		True	True	True	True	True	2020/08/05	SRR12691403				Mucor indicus lineage (unconfirmed)	exclude from species-level scoring	FLAG
Backusella_lamprospora_NRRL_1401	Backusella lamprospora NRRL 1401	Mucoromycotina	NRRL 1401	SAMN10361479	PRJNA499660	64654	Backusella lamprospora	SRR8481858	EC953	Yes	Yes		True	True	True	True	True	2018/11/01	SRR8481858						
Backusella_lamprospora_NRRL_3103	Backusella lamprospora NRRL 3103	Mucoromycotina	NRRL 3103	SAMN16772292	PRJNA676521	64654	Backusella lamprospora	SRR13200705	IWQ97	Yes	Yes		True	True	True	True	True	2020/11/12	SRR13200705						
Backusella_lamprospora_NRRL_3618	Backusella lamprospora NRRL 3618	Mucoromycotina	NRRL 3618							Yes	Yes		True	True	True	True	False								
Backusella_lamprospora_NRRL_3619	Backusella lamprospora NRRL 3619	Mucoromycotina	NRRL 3619							Yes	Yes		True	True	True	True	False								
Backusella_lamprospora_NRRL_6044_Plus	Backusella lamprospora NRRL 6044_Plus	Mucoromycotina	NRRL 6044_Plus	SAMN11510667	PRJNA536119	64654	Backusella lamprospora	SRR10126349	FBW72	Yes	Yes		False	False	True	True	True	2019/04/25	SRR10126349						
Benjaminiella_youngii_IMI_325629	Benjaminiella youngii IMI 325629	Mucoromycotina	IMI 325629	SAMN09062785	PRJNA455970	1195475	Benjaminiella youngii	SRR7686254	DER81	Yes	Yes		True	True	True	True	True	2018/05/04	SRR7686254						
Blakeslea_trispora_NRRL_2456	Blakeslea trispora NRRL 2456	Mucoromycotina	NRRL 2456	SAMN10361541	PRJNA499641	4850	Blakeslea trispora	SRR8482456	BD560	Yes	Yes		True	True	True	True	True	2018/11/01	SRR8482456						
Chaetocladium_brefeldii_NRRL_1350	Chaetocladium brefeldii NRRL 1350	Mucoromycotina	NRRL 1350	SAMN10362882	PRJNA500295	101089	Chaetocladium brefeldii	SRR8437486	EDC11	Yes	Yes		True	True	True	True	True	2018/11/01	SRR8437486						
Chaetocladium_brefeldii_NRRL_2508	Chaetocladium brefeldii NRRL 2508	Mucoromycotina	NRRL 2508	SAMN16772368	PRJNA676577	101089	Chaetocladium brefeldii	SRR13201209	IWR53	Yes	Yes		True	True	True	True	True	2020/11/12	SRR13201209;SRR26360139						
Chaetocladium_brefeldii_RSA_1136-	Chaetocladium brefeldii RSA 1136-	Mucoromycotina	RSA 1136-	SAMN11510670	PRJNA536122	101089	Chaetocladium brefeldii	SRR10126350	FBW75	Yes	Yes		True	True	True	True	True	2019/04/25	SRR10126350						FLAG
Chaetocladium_brefeldii_Tieghem_Le_Monnier_NRRL_2509	Chaetocladium brefeldii Tieghem Le Monnier NRRL 2509	Mucoromycotina	NRRL 2509	SAMN11528550	PRJNA538876	101089	Chaetocladium brefeldii	SRR9712399	FB644	Yes	Yes		True	True	True	True	True	2019/04/29	SRR9712399						
Chaetocladium_sp._NRRL_2844	Chaetocladium sp. NRRL 2844	Mucoromycotina	NRRL 2844	SAMN16810856	PRJNA676574	2789362	Chaetocladium sp. NRRL 2844	SRR13201206	IWR50	Yes	Yes		True	True	True	True	True	2020/11/16	SRR13201206						FLAG
Chaetocladium_sp._NRRL_3029	Chaetocladium sp. NRRL 3029	Mucoromycotina	NRRL 3029	SAMN16810886	PRJNA676575	2789343	Chaetocladium sp. NRRL 3029	SRR13201204	IWR51	Yes	Yes		True	True	True	True	True	2020/11/16	SRR13201204;SRR26360085						FLAG
Choanephora_circinans_NRRL_2546	Choanephora circinans NRRL 2546	Mucoromycotina	NRRL 2546	SAMN11510673	PRJNA536126	101093	Poitrasia circinans	SRR10126352	FBW79	Yes	Yes		True	True	True	True	True	2019/04/25	SRR10126352						
Circinella_angarensis_NRRL_1594	Circinella angarensis NRRL 1594	Mucoromycotina	NRRL 1594	SAMN10361080	PRJNA499661	1195478	Circinella angarensis	SRR8482587	EC954	Yes	Yes		True	True	True	True	True	2018/11/01	SRR8482587						
Circinella_angarensis_NRRL_2410	Circinella angarensis NRRL 2410	Mucoromycotina	NRRL 2410	SAMN10864726	PRJNA519278	1195478	Circinella angarensis	SRR8873466	EV165	Yes	Yes		True	True	True	True	True	2019/02/01	SRR8873466						
Circinella_angarensis_NRRL_2628	Circinella angarensis NRRL 2628	Mucoromycotina	NRRL 2628	SAMN16772338	PRJNA676550	1195478	Circinella angarensis	SRR13201094	IWR26	Yes	Yes		True	True	True	True	True	2020/11/12	SRR13201094;SRR26360124						
Circinella_angarensis_RSA_198_Plus	Circinella angarensis RSA 198_Plus	Mucoromycotina	RSA 198_Plus	SAMN11510829	PRJNA535824	1195478	Circinella angarensis	SRR10126353	FBU45	Yes	Yes		False	False	True	True	True	2019/04/25	SRR10126353						
Circinella_angarensis_RSA_618-	Circinella angarensis RSA 618-	Mucoromycotina	RSA 618-	SAMN11510831	PRJNA535826	1195478	Circinella angarensis	SRR10126347	FBU47	Yes	Yes		True	True	True	True	True	2019/04/25	SRR10126347						
Circinella_chinensis_CBS_150.53	Circinella chinensis CBS 150.53	Mucoromycotina	CBS 150.53	SAMN09062758	PRJNA455974	1195479	Circinella chinensis	SRR7686250	DER85	Yes	Yes		True	True	True	True	True	2018/05/04	SRR7686250						FLAG
Circinella_chinensis_NRRL_2415	Circinella chinensis NRRL 2415	Mucoromycotina	NRRL 2415	SAMN10361081	PRJNA499662	1195479	Circinella chinensis	SRR8482996	EC955	Yes	Yes		True	True	True	True	True	2018/11/01	SRR8482996						
Circinella_minor_CBS_143.56	Circinella minor CBS 143.56	Mucoromycotina	CBS 143.56	SAMN09062759	PRJNA455975	1195481	Circinella minor	SRR7686248	DER86	Yes	Yes		True	True	True	True	True	2018/05/04	SRR7686248						
Circinella_minor_NRRL_1365	Circinella minor NRRL 1365	Mucoromycotina	NRRL 1365	SAMN10361467	PRJNA499656	1195481	Circinella minor	SRR8482562	EC949	Yes	Yes		True	True	True	True	True	2018/11/01	SRR8482562						
Circinella_mucoroides_NRRL_1354	Circinella mucoroides NRRL 1354	Mucoromycotina	NRRL 1354	SAMN10864746	PRJNA519264	1553899	Circinella mucoroides	SRR8873479	EV151	Yes	Yes		True	True	True	True	True	2019/02/01	SRR8873479						
Circinella_muscae_CBS_107.13T	Circinella muscae CBS 107.13T	Mucoromycotina	CBS 107.13T	SAMN11510818	PRJNA535808	1171613	Circinella muscae	SRR10125931	FBU26	Yes	Yes		True	True	True	True	True	2019/04/25	SRR10125931						
Circinella_muscae_NRRL_1352	Circinella muscae NRRL 1352	Mucoromycotina	NRRL 1352	SAMN10361449	PRJNA499648	1171613	Circinella muscae	SRR8482561	EC941	Yes	Yes		True	True	True	True	True	2018/11/01	SRR8482561						
Circinella_muscae_NRRL_1355	Circinella muscae NRRL 1355	Mucoromycotina	NRRL 1355	SAMN10361450	PRJNA499649	1171613	Circinella muscae	SRR8482450	EC942	Yes	Yes		True	True	True	True	True	2018/11/01	SRR8482450						
Circinella_muscae_NRRL_1356	Circinella muscae NRRL 1356	Mucoromycotina	NRRL 1356	SAMN10361451	PRJNA499650	1171613	Circinella muscae	SRR8482590	EC943	Yes	Yes		True	True	True	True	True	2018/11/01	SRR8482590						
Circinella_muscae_NRRL_1357	Circinella muscae NRRL 1357	Mucoromycotina	NRRL 1357	SAMN10361452	PRJNA499651	1171613	Circinella muscae	SRR8482565	EC944	Yes	Yes		True	True	True	True	True	2018/11/01	SRR8482565						
Circinella_muscae_NRRL_1360	Circinella muscae NRRL 1360	Mucoromycotina	NRRL 1360	SAMN10361077	PRJNA499652	1171613	Circinella muscae	SRR8482563	EC945	Yes	Yes		True	True	True	True	True	2018/11/01	SRR8482563				possible mixed sample: Benjaminiella nuclear markers, Circinella rDNA (unconfirmed)	exclude from species-level scoring	FLAG
Circinella_muscae_NRRL_1362	Circinella muscae NRRL 1362	Mucoromycotina	NRRL 1362	SAMN10361078	PRJNA499653	1171613	Circinella muscae	SRR8482564	EC946	Yes	Yes		True	True	True	True	True	2018/11/01	SRR8482564						
Circinella_muscae_NRRL_1363	Circinella muscae NRRL 1363	Mucoromycotina	NRRL 1363	SAMN10361453	PRJNA499654	1171613	Circinella muscae	SRR8482588	EC947	Yes	Yes		True	True	True	True	True	2018/11/01	SRR8482588						
Circinella_muscae_NRRL_1364	Circinella muscae NRRL 1364	Mucoromycotina	NRRL 1364	SAMN10361466	PRJNA499655	1171613	Circinella muscae	SRR8482454	EC948	Yes	Yes		True	True	True	True	True	2018/11/01	SRR8482454						
Circinella_muscae_NRRL_1367	Circinella muscae NRRL 1367	Mucoromycotina	NRRL 1367	SAMN10361469	PRJNA499658	1171613	Circinella muscae	SRR8482589	EC951	Yes	Yes		True	True	True	True	True	2018/11/01	SRR8482589						
Circinella_muscae_NRRL_2403	Circinella muscae NRRL 2403	Mucoromycotina	NRRL 2403	SAMN13170865	PRJNA585271	1171613	Circinella muscae	SRR10841527	GGT66	Yes	Yes		True	True	True	True	True	2019/10/31	SRR10841527						
Circinella_naumovii_NRRL_5846	Circinella naumovii NRRL 5846	Mucoromycotina	NRRL 5846	SAMN16772546	PRJNA676541	1196579	Pirella naumovii	SRR13201061	IWR17	Yes	Yes		True	True	True	True	True	2020/11/12	SRR13201061						FLAG
Circinella_rigida_NRRL_2341	Circinella rigida NRRL 2341	Mucoromycotina	NRRL 2341	SAMN10864750	PRJNA519268	1195482	Mucor durus	SRR8873435	EV155	Yes	Yes	Kasson Lab material	True	True	True	True	True	2019/02/01	SRR8873435						
Circinella_simplex_CBS_142.35	Circinella simplex CBS 142.35	Mucoromycotina	CBS 142.35	SAMN09062760	PRJNA455976	1195483	Circinella simplex	SRR7686245	DER87	Yes	Yes	Kasson Lab material	True	True	True	True	True	2018/05/04	SRR7686245						FLAG
Circinella_simplex_van_Tieghem_NRRL_2407	Circinella simplex van Tieghem NRRL 2407	Mucoromycotina	NRRL 2407	SAMN11532229	PRJNA538873	1195483	Circinella simplex	SRR9720395	FB641	Yes	Yes		True	True	True	True	True	2019/04/29							FLAG
Circinella_tenella_NRRL_A-23557	Circinella tenella NRRL A-23557	Mucoromycotina	NRRL A-23557	SAMN11532699	PRJNA536130	201730	Mucor janssenii	SRR9719495	FBW83	Yes	Yes		True	True	True	True	True	2019/04/29	SRR9719495				Lichtheimia sp. (confirmed)	exclude from species-level scoring	FLAG
Circinella_umbellata_NRRL_1366	Circinella umbellata NRRL 1366	Mucoromycotina	NRRL 1366	SAMN10361468	PRJNA499657	101103	Circinella umbellata	SRR8482479	EC950	Yes	Yes		True	True	True	True	True	2018/11/01	SRR8482479						
Circinella_umbellata_NRRL_2417	Circinella umbellata NRRL 2417	Mucoromycotina	NRRL 2417	SAMN16772586	PRJNA676535	101103	Circinella umbellata	SRR13200950	IWR11	Yes	Yes		True	True	True	True	True	2020/11/12	SRR13200950						
Circinella_umbellata_RSA_505_Plus	Circinella umbellata RSA 505_Plus	Mucoromycotina	RSA 505_Plus	PRJNA535050	PRJNA535048	101103	Circinella umbellata	SRR10126345	FBN40	Yes	Yes		False	False	True	True	False								
Circinomucor_circinelloides_NRRL_22899	Circinomucor circinelloides NRRL 22899	Mucoromycotina	NRRL 22899	SAMN11532043	PRJNA538880	101506	Circinomucor circinelloides	SRR10126344	FB648	Yes	Yes		True	True	True	True	True	2019/04/29	SRR10126344						
Cunninghamella_antarctica_NRRL_6534	Cunninghamella antarctica NRRL 6534	Mucoromycotina	NRRL 6534	SAMN09062779	PRJNA455964	1195484	Cunninghamella antarctica	SRR7686432	DER75	Yes	Yes		True	True	True	True	True	2018/05/04	SRR7686432						
Cunninghamella_bertholletiae_NRRL_1376	Cunninghamella bertholletiae NRRL 1376	Mucoromycotina	NRRL 1376	SAMN11510189	PRJNA535674	90251	Cunninghamella bertholletiae	SRR9720705	FBU18	Yes	Yes		True	True	True	True	True	2019/04/25	SRR9720705						
Cunninghamella_bertholletiae_NRRL_1377	Cunninghamella bertholletiae NRRL 1377	Mucoromycotina	NRRL 1377	SAMN11510200	PRJNA535675	90251	Cunninghamella bertholletiae	SRR9719771	FBU19	Yes	Yes		True	True	True	True	True	2019/04/25	SRR9719771						
Cunninghamella_bertholletiae_NRRL_1378	Cunninghamella bertholletiae NRRL 1378	Mucoromycotina	NRRL 1378	SAMN15741347	PRJNA653081	90251	Cunninghamella bertholletiae	SRR12689943	H4X08	Yes	Yes		True	True	True	True	True	2020/08/05	SRR12689943;SRR26360063						
Cunninghamella_bertholletiae_NRRL_1380	Cunninghamella bertholletiae NRRL 1380	Mucoromycotina	NRRL 1380	SAMN11510201	PRJNA535676	90251	Cunninghamella bertholletiae	SRR9718426	FBU20	Yes	Yes		True	True	True	True	True	2019/04/25	SRR9718426						
Cunninghamella_brunnea_NRRL_6143	Cunninghamella brunnea NRRL 6143	Mucoromycotina	NRRL 6143	SAMN09074675	PRJNA463342	2045277	Cunninghamella brunnea	SRR7686366	DFQ35	Yes	Yes		True	True	True	True	True	2018/05/04	SRR12137136;SRR7686366						
Cunninghamella_echinulata_NRRL_1384	Cunninghamella echinulata NRRL 1384	Mucoromycotina	NRRL 1384	SAMN11532227	PRJNA538864	76405	Cunninghamella echinulata	SRR9720846	FB632	Yes	Yes		True	True	True	True	True	2019/04/29	SRR9720846						
Cunninghamella_echinulata_NRRL_1385	Cunninghamella echinulata NRRL 1385	Mucoromycotina	NRRL 1385	SAMN11510202	PRJNA536154	76405	Cunninghamella echinulata	SRR9719880	FBX07	Yes	Yes		True	True	True	True	True	2019/04/25	SRR9719880						
Cunninghamella_echinulata_NRRL_1386	Cunninghamella echinulata NRRL 1386	Mucoromycotina	NRRL 1386	SAMN11532711	PRJNA538870	76405	Cunninghamella echinulata	SRR9720690	FB638	Yes	Yes		True	True	True	True	True	2019/04/29	SRR9720690						
Cunninghamella_echinulata_NRRL_1387	Cunninghamella echinulata NRRL 1387	Mucoromycotina	NRRL 1387	SAMN11510238	PRJNA536221	76405	Cunninghamella echinulata	SRR9721137	FBX74	Yes	Yes		True	True	True	True	True	2019/04/25	SRR9721137						
Cunninghamella_echinulata_RSA_2017_Plus	Cunninghamella echinulata RSA 2017_Plus	Mucoromycotina	RSA 2017_Plus	SAMN11493359	PRJNA535046	76405	Cunninghamella echinulata	SRR10125925	FBN38	Yes	Yes		False	False	True	True	True	2019/04/24	SRR10125925						
Cunninghamella_echinulata_RSA_2018-	Cunninghamella echinulata RSA 2018-	Mucoromycotina	RSA 2018-	SAMN11510675	PRJNA536128	76405	Cunninghamella echinulata	SRR10125928	FBW81	Yes	Yes		True	True	True	True	True	2019/04/25	SRR10125928						
Cunninghamella_elegans_NRRL_1388	Cunninghamella elegans NRRL 1388	Mucoromycotina	NRRL 1388	SAMN11510203	PRJNA536155	4853	Cunninghamella elegans	SRR9719893	FBX08	Yes	Yes		True	True	True	True	True	2019/04/25	SRR9719893						
Cunninghamella_elegans_NRRL_1390	Cunninghamella elegans NRRL 1390	Mucoromycotina	NRRL 1390	SAMN11510204	PRJNA536156	4853	Cunninghamella elegans	SRR9719896	FBX09	Yes	Yes		True	True	True	True	True	2019/04/25	SRR9719896						
Cunninghamella_elegans_NRRL_1391	Cunninghamella elegans NRRL 1391	Mucoromycotina	NRRL 1391	SAMN11510205	PRJNA536157	4853	Cunninghamella elegans	SRR9719906	FBX10	Yes	Yes		True	True	True	True	True	2019/04/25	SRR9719906						
Cunninghamella_elegans_NRRL_1392	Cunninghamella elegans NRRL 1392	Mucoromycotina	NRRL 1392	SAMN11510206	PRJNA536158	4853	Cunninghamella elegans	SRR9719892	FBX11	Yes	Yes		True	True	True	True	True	2019/04/25	SRR9719892						
Cunninghamella_elegans_NRRL_1393	Cunninghamella elegans NRRL 1393	Mucoromycotina	NRRL 1393	SAMN11510207	PRJNA536159	4853	Cunninghamella elegans	SRR9719909	FBX12	Yes	Yes		True	True	True	True	True	2019/04/25	SRR9719909						
Cunninghamella_elegans_NRRL_2310	Cunninghamella elegans NRRL 2310	Mucoromycotina	NRRL 2310	SAMN15741410	PRJNA653111	4853	Cunninghamella elegans	SRR12690269	H4X38	Yes	Yes		True	True	True	True	True	2020/08/05	SRR12690269;SRR26359383						
Cunninghamella_japonica_NRRL_2463	Cunninghamella japonica NRRL 2463	Mucoromycotina	NRRL 2463	SAMN15759829	PRJNA653069	2761443	Cunninghamella japonica	SRR12690267	H4W96	Yes	Yes		True	True	True	True	True	2020/08/07	SRR12690267;SRR26359850						
Cunninghamella_japonica_NRRL_2464	Cunninghamella japonica NRRL 2464	Mucoromycotina	NRRL 2464	SAMN15759867	PRJNA653070	2761443	Cunninghamella japonica	SRR12690271	H4W97	Yes	Yes		True	True	True	True	True	2020/08/07	SRR12690271;SRR26359828				Actinomucor sp. (confirmed)	exclude from species-level scoring	FLAG
Cunninghamella_polymorpha_NRRL_1395	Cunninghamella polymorpha NRRL 1395	Mucoromycotina	NRRL 1395	SAMN16772451	PRJNA676570	90252	Cunninghamella polymorpha	SRR13201208	IWR46	Yes	Yes		True	True	True	True	True	2020/11/12	SRR13201208;SRR35182709;SRR35182710						
Cunninghamella_sp._NRRL_A-21238	Cunninghamella sp. NRRL A-21238	Mucoromycotina	NRRL A-21238	SAMN11532222	PRJNA536160	2572657	Cunninghamella sp. NRRL A-21238	SRR9720688	FBX13	Yes	Yes		True	True	True	True	True	2019/04/29	SRR9720688						
Cunninghamella_sp._NRRL_A-21271	Cunninghamella sp. NRRL A-21271	Mucoromycotina	NRRL A-21271	SAMN11532702	PRJNA536161	2572658	Cunninghamella sp. NRRL A-21271	SRR9720693	FBX14	Yes	Yes		True	True	True	True	True	2019/04/29	SRR9720693						
Dichotomocladium_elegans_NRRL_2754	Dichotomocladium elegans NRRL 2754	Mucoromycotina	NRRL 2754	SAMN10361472	PRJNA499666	101130	Dichotomocladium elegans	SRR8482995	EC960	Yes	Yes		True	True	True	True	True	2018/11/01	SRR8482995						
Dichotomocladium_hesseltinei_NRRL_2912T	Dichotomocladium hesseltinei NRRL 2912T	Mucoromycotina	NRRL 2912T	SAMN11510680	PRJNA535814	572093	Dichotomocladium hesseltinei	SRR10127277	FBU34	Yes	Yes		True	True	True	True	True	2019/04/25	SRR10127277						
Dichotomocladium_robustum_RSA_1342	Dichotomocladium robustum RSA 1342	Mucoromycotina	RSA 1342	SAMN11510658	PRJNA535834	64645	Dichotomocladium robustum	SRR10127278	FBU55	Yes	Yes		True	True	True	True	True	2019/04/25	SRR10127278						
Dichotomocladium_sphaerosporum_NRRL_22118	Dichotomocladium sphaerosporum NRRL 22118	Mucoromycotina	NRRL 22118	SAMN11510825	PRJNA535819	1265307	Dichotomocladium sphaerosporum	SRR10127276	FBU40	Yes	Yes		True	True	True	True	True	2019/04/25	SRR10127276						
Ellisomyces_anomalus_NRRL_2465_Plus-T	Ellisomyces anomalus NRRL 2465_Plus-T	Mucoromycotina	NRRL 2465_Plus-T	PRJNA584347	SAMN13172563	101134	Ellisomyces anomalus		GGS83	Yes	Yes	Fix strain ID in final submission	False	False	True	True	False								
Ellisomyces_anomalus_RSA_581-	Ellisomyces anomalus RSA 581-	Mucoromycotina	RSA 581-	SAMN11510681	PRJNA535828	101134	Ellisomyces anomalus	SRR10127286	FBU49	Yes	Yes		True	True	True	True	True	2019/04/25	SRR10127286						
Fennellomyces_heterothallicus_RSA_2348	Fennellomyces heterothallicus RSA 2348	Mucoromycotina	RSA 2348	SAMN10362773	PRJNA500291	1195485	Fennellomyces heterothallicus	SRR8437491	EDC07	Yes	Yes		True	True	True	True	True	2018/11/01	SRR8437491						
Fennellomyces_linderi_NRRL_2342	Fennellomyces linderi NRRL 2342	Mucoromycotina	NRRL 2342	SAMN11532044	PRJNA538881	101136	Fennellomyces linderi	SRR10127275;SRR12604660;SRR12690268;SRR12604664	FB649	Yes	Yes		True	True	True	True	True	2019/04/29	SRR10127275						
Fennellomyces_linderi_NRRL_2342T	Fennellomyces linderi NRRL 2342T	Mucoromycotina	NRRL 2342T	SAMN15741100	PRJNA653173	101136	Fennellomyces linderi	SRR12690268	H4Y00	Yes	Yes		True	True	True	True	True	2020/08/05	SRR12690268;SRR26359834						
Fennellomyces_mexicanus_sp._nov._RSA_1415_Plus	Fennellomyces mexicanus sp. nov. RSA 1415_Plus	Mucoromycotina	RSA 1415_Plus	SAMN11532046	PRJNA535815	2184045	Fennellomyces sp. JGI-2019a	SRR10127285	FBU35	Yes	Yes		True	False	True	True	True	2019/05/01	SRR10127285						
Fennellomyces_mexicanus_sp._nov._RSA_1418-	Fennellomyces mexicanus sp. nov. RSA 1418-	Mucoromycotina	RSA 1418-	SAMN11532047	PRJNA535816	2572687	Fennellomyces sp. JGI-2019a	SRR10127274	FBU36	Yes	Yes		True	True	True	True	True	2019/05/01	SRR10127274						
Fennellomyces_verticellatus_RSA_2442_Plus	Fennellomyces verticellatus RSA 2442_Plus	Mucoromycotina	RSA 2442_Plus	SAMN11510827	PRJNA535822	2184045	Fennellomyces verticillatus	SRR10127282	FBU43	Yes	Yes		False	False	True	True	True	2019/04/25	SRR10127282						
Fennellomyces_verticellatus_RSA_2446	Fennellomyces verticellatus RSA 2446	Mucoromycotina	RSA 2446	SAMN09083442	PRJNA455962	2184045	Fennellomyces verticillatus	SRR7686430	DER73	Yes	Yes		True	True	True	True	True	2018/05/07	SRR7686430						
Gilbertella_persicaria_Eddy_Hesseltine_NRRL_A-13613	Gilbertella persicaria Eddy_Hesseltine NRRL A-13613	Mucoromycotina	NRRL A-13613	SAMN11510208	PRJNA536162	101096	Gilbertella persicaria	SRR9712402	FBX15	Yes	Yes		True	True	True	True	True	2019/04/25	SRR9712402						
Gilbertella_persicaria_var._indica_CBS_442.64-	Gilbertella persicaria var. indica CBS 442.64-	Mucoromycotina	CBS 442.64-	SAMN11510822	PRJNA535813	101096	Gilbertella persicaria	SRR10127283	FBU33	Yes	Yes		True	True	True	True	True	2019/04/25	SRR10127283						
Gilbertella_persicaria_var._persicaria_CBS_190.32-T	Gilbertella persicaria var. persicaria CBS 190.32-T	Mucoromycotina	CBS 190.32-T	SAMN11510663	PRJNA536115	101096	Gilbertella persicaria	SRR10127284	FBW68	Yes	Yes		True	True	True	True	True	2019/04/25	SRR10127284						
Gilbertella_persicaria_var._persicaria_CBS_246.59_Plus	Gilbertella persicaria var. persicaria CBS 246.59_Plus	Mucoromycotina	CBS 246.59_Plus	SAMN11510662	PRJNA403689	101096	Gilbertella persicaria	SRR10127279	FBU60	Yes	Yes		True	True	False	False	True	2019/04/25	SRR10127279						
Gongronella_butleri_NRRL_1340	Gongronella butleri NRRL 1340	Mucoromycotina	NRRL 1340	SAMN11510246	PRJNA536232	101105	Gongronella butleri	SRR9720877	FBX85	Yes	Yes		True	True	True	True	True	2019/04/25	SRR9720877						
Gongronella_butleri_NRRL_2422	Gongronella butleri NRRL 2422	Mucoromycotina	NRRL 2422	SAMN16774033	PRJNA677209	101105	Gongronella butleri		IWY21	Yes	Yes		True	True	True	True	True	2020/11/12	SRR26359838						
Gongronella_butleri_NRRL_2795	Gongronella butleri NRRL 2795	Mucoromycotina	NRRL 2795	SAMN15741377	PRJNA653094	101105	Gongronella butleri	SRR12691196	H4X21	Yes	Yes		True	True	True	True	True	2020/08/05	SRR12691196;SRR26359832						
Gongronella_butleri_NRRL_A-23795	Gongronella butleri NRRL A-23795	Mucoromycotina	NRRL A-23795	SAMN11510209	PRJNA536163	101105	Gongronella butleri	SRR9719599	FBX16	Yes	Yes		True	True	True	True	True	2019/04/25	SRR9719599						
Gongronella_butleri_NRRL_A-9978	Gongronella butleri NRRL A-9978	Mucoromycotina	NRRL A-9978	SAMN10361478	PRJNA499684	101105	Gongronella butleri	SRR8483033	EC978	Yes	Yes		True	True	True	True	True	2018/11/01	SRR8483033						
Gongronella_sp._NRRL_A-20010	Gongronella sp. NRRL A-20010	Mucoromycotina	NRRL A-20010							Yes	Yes		True	True	True	True	False								FLAG
Helicostylum_lucknowense_NRRL_2892	Helicostylum lucknowense NRRL 2892	Mucoromycotina	NRRL 2892	SAMN06266923	PRJNA366635	1162313	Thamnostylum lucknowense	SRR9720689	BYT41	Yes	Yes		True	True	True	True	True	2017/01/25							FLAG
Helicostylum_lucknowense_NRRL_A-16732	Helicostylum lucknowense NRRL A-16732	Mucoromycotina	NRRL A-16732	SAMN11510676	PRJNA536132	1162313	Thamnostylum lucknowense	SRR9720689	FBW85	Yes	Yes		True	True	True	True	True	2019/04/25	SRR9720689						FLAG
Helicostylum_pulchrum_RSA_2065	Helicostylum pulchrum RSA 2065	Mucoromycotina	RSA 2065	SAMN11510682	PRJNA535829	562976	Helicostylum pulchrum	SRR10127281	FBU50	Yes	Yes		True	True	True	True	True	2019/04/25	SRR10127281						
Helicostylum_sp._NRRL_1397	Helicostylum sp. NRRL 1397	Mucoromycotina	NRRL 1397	SAMN11566822	PRJNA536133	2575937	Helicostylum sp. NRRL 1397	SRR9720686	FBW86	Yes	Yes		True	True	True	True	True	2019/05/02	SRR9720686						FLAG
Hesseltinella_vesiculosa_NRRL_3301	Hesseltinella vesiculosa NRRL 3301	Mucoromycotina	NRRL 3301	SAMN02745228	PRJNA243954	101127	Hesseltinella vesiculosa	SRR1588144;SRR4063264	DM01	Yes	Yes		True	True	False	False	True	2014/05/05	SRR1588144;SRR3503831;SRR3503832;SRR3989321;SRR3989322;SRR3989323;SRR3989324;SRR3989325;SRR3989326;SRR3989327;SRR3989328;SRR3989329;SRR3989330;SRR3989331;SRR3989332	GCA_002104935.1	2017/04/20	True			
Lichtheimia_corymbifera_NRRL_1592	Lichtheimia corymbifera NRRL 1592	Mucoromycotina	NRRL 1592	SAMN13170810	PRJNA585270	42458	Lichtheimia corymbifera	SRR10841580	GGT65	Yes	Yes		True	True	True	True	True	2019/10/31	SRR10841580						
Lichtheimia_corymbifera_NRRL_2981	Lichtheimia corymbifera NRRL 2981	Mucoromycotina	NRRL 2981	SAMN10361214	PRJNA499667	42458	Lichtheimia corymbifera	SRR8483034	EC961	Yes	Yes		True	True	True	True	True	2018/11/01	SRR8483034						
Lichtheimia_corymbifera_NRRL_6379	Lichtheimia corymbifera NRRL 6379	Mucoromycotina	NRRL 6379	SAMN10361217	PRJNA499672	42458	Lichtheimia corymbifera	SRR8483380	EC966	Yes	Yes		True	True	True	True	True	2018/11/01	SRR8483380						
Lichtheimia_corymbifera_NRRL_A-11155	Lichtheimia corymbifera NRRL A-11155	Mucoromycotina	NRRL A-11155	SAMN10361221	PRJNA499676	42458	Lichtheimia corymbifera	SRR8483381	EC970	Yes	Yes		True	True	True	True	True	2018/11/01	SRR8483381						
Lichtheimia_hyalospora_NRRL_1305	Lichtheimia hyalospora NRRL 1305	Mucoromycotina	NRRL 1305	SAMN10361578	PRJNA499696	420593	Lichtheimia hyalospora	SRR8483378	EC990	Yes	Yes		True	True	True	True	True	2018/11/01	SRR8483378						
Lichtheimia_ramosa_NRRL_1335	Lichtheimia ramosa NRRL 1335	Mucoromycotina	NRRL 1335	SAMN10361446	PRJNA499645	688394	Lichtheimia ramosa	SRR8483379	EC938	Yes	Yes		True	True	True	True	True	2018/11/01	SRR8483379						
Lichtheimia_ramosa_NRRL_3208	Lichtheimia ramosa NRRL 3208	Mucoromycotina	NRRL 3208	SAMN10361216	PRJNA499669	688394	Lichtheimia ramosa	SRR8483031	EC963	Yes	Yes		True	True	True	True	True	2018/11/01	SRR8483031						
Lichtheimia_sphaerocystis_NRRL_6380	Lichtheimia sphaerocystis NRRL 6380	Mucoromycotina	NRRL 6380	SAMN10361218	PRJNA499673	688662	Lichtheimia sphaerocystis	SRR8483377	EC967	Yes	Yes		True	True	True	True	True	2018/11/01	SRR8483377						
Mortierella_ambigua_BC1065	Mortierella ambigua BC1065	Mucoromycotina	BC1065	SAMN09074672	PRJNA463334	1343610	Actinomortierella ambigua	SRR7686243	DFQ27	Yes	Yes		True	True	False	False	True	2018/05/04	SRR7686243	GCA_016098155.1	2020/12/16	True			
Mortierella_ambigua_BC1291	Mortierella ambigua BC1291	Mucoromycotina	BC1291	SAMN09074671	PRJNA463333	1343610	Actinomortierella ambigua	SRR7686244	DFQ26	Yes	Yes		True	True	False	False	True	2018/05/04	SRR7686244	GCA_015502565.1	2020/11/16	True			
Mortierella_camargensis_NRRL_2610	Mortierella camargensis NRRL 2610	Mucoromycotina	NRRL 2610	SAMN05727885	PRJNA340794	2779863	Haplosporangium gracile	SRR5192922	BGZ47	Yes	Yes		True	True	False	False	True	2016/09/02	SRR5192922	GCA_015499985.1	2020/11/16	True			
Mortierella_capitata_NRRL_22892	Mortierella capitata NRRL 22892	Mucoromycotina	NRRL 22892	SAMN16772575	PRJNA676534	64521	Actinomortierella capitata	SRR13200951	IWR10	Yes	Yes		True	True	True	True	True	2020/11/12	SRR13200951						
Mortierella_claussenii_NRRL_2760	Mortierella claussenii NRRL 2760	Mucoromycotina	NRRL 2760	SAMN10363166	PRJNA500529	1343614	Mortierella claussenii	SRR8263949	EDD11	Yes	Yes		True	True	False	False	True	2018/11/01	SRR8263949	GCA_022750515.1	2022/03/29	True			
Mucor_aligarensis_NRRL_3099	Mucor aligarensis NRRL 3099	Mucoromycotina	NRRL 3099	SAMN10864727	PRJNA519282	1197866	Mucor aligarensis	SRR8873480	EV169	Yes	Yes		True	True	True	True	True	2019/02/01	SRR8873480						
Mucor_alternans_NRRL_3358	Mucor alternans NRRL 3358	Mucoromycotina	NRRL 3358	SAMN15742006	PRJNA653080	2572688	Mucor alternans	SRR12691218	H4X07	Yes	Yes		True	True	True	True	True	2020/08/05	SRR12691218;SRR26360136						
Mucor_alternans_NRRL_A-15142	Mucor alternans NRRL A-15142	Mucoromycotina	NRRL A-15142	SAMN11532036	PRJNA536136	2572688	Mucor alternans	SRR9713219	FBW89	Yes	Yes		True	True	True	True	True	2019/04/29	SRR9713219						
Mucor_alternans_NRRL_A-16397	Mucor alternans NRRL A-16397	Mucoromycotina	NRRL A-16397	SAMN11533437	PRJNA536137	2572688	Mucor alternans	SRR9715011	FBW90	Yes	Yes		True	True	True	True	True	2019/04/29	SRR9715011						
Mucor_aromaticus_NRRL_A-17745	Mucor aromaticus NRRL A-17745	Mucoromycotina	NRRL A-17745	SAMN11532813	PRJNA536138	2572689	Mucor aromaticus	SRR9716091	FBW91	Yes	Yes		True	True	True	True	True	2019/04/29	SRR9716091						FLAG
Mucor_azygosporus_Benjamin_NRRL_3068	Mucor azygosporus Benjamin NRRL 3068	Mucoromycotina	NRRL 3068	SAMN11510240	PRJNA536224	1196528	Mucor azygosporus	SRR9720397	FBX77	Yes	Yes		True	True	True	True	True	2019/04/25	SRR9720397						
Mucor_bainieri_NRRL_2988	Mucor bainieri NRRL 2988	Mucoromycotina	NRRL 2988	SAMN18251922	PRJNA710995	1095379	Mucor bainieri		J3A62	Yes	Yes		True	True	True	True	True	2021/03/10	SRR26360103						
Mucor_brunneus_NRRL_2351	Mucor brunneus NRRL 2351	Mucoromycotina	NRRL 2351	SAMN11510172	PRJNA536139	1084247	Mucor brunneogriseus	SRR9717267	FBW92	Yes	Yes		True	True	True	True	True	2019/04/25	SRR9717267						
Mucor_caninus_NRRL_A-12555	Mucor caninus NRRL A-12555	Mucoromycotina	NRRL A-12555	SAMN11528544	PRJNA536140	2572690	Mucor caninus	SRR9712606	FBW93	Yes	Yes		True	True	True	True	True	2019/04/29	SRR9712606						
Mucor_circinelloides_f._circinelloides_NRRL_3614	Mucor circinelloides f. circinelloides NRRL 3614	Mucoromycotina	NRRL 3614	SAMN11493362	PRJNA535052	36080	Mucor circinelloides	SRR10127301;SRR12691216	FBN45	Yes	Yes		True	True	True	True	True	2019/04/24	SRR10127301						
Mucor_circinelloides_f._griseocyanus_NRRL_3621	Mucor circinelloides f. griseocyanus NRRL 3621	Mucoromycotina	NRRL 3621	SAMN09062782	PRJNA455967	36080	Mucor circinelloides	SRR7686312	DER78	Yes	Yes		True	True	True	True	True	2018/05/04	SRR7686312						
Mucor_circinelloides_f._janssenii_NRRL_2404	Mucor circinelloides f. janssenii NRRL 2404	Mucoromycotina	NRRL 2404							Yes	Yes		True	True	True	True	False								
Mucor_circinelloides_f._janssenii_NRRL_2629	Mucor circinelloides f. janssenii NRRL 2629	Mucoromycotina	NRRL 2629	SAMN15741913	PRJNA653017	36080	Mucor circinelloides	SRR12691193	H4W44	Yes	Yes		True	True	True	True	True	2020/08/05	SRR12691193;SRR26359382						
Mucor_circinelloides_f._janssenii_NRRL_553	Mucor circinelloides f. janssenii NRRL 553	Mucoromycotina	NRRL 553	SAMN15741094	PRJNA653018	36080	Mucor circinelloides	SRR12689986	H4W45	Yes	Yes		True	True	True	True	True	2020/08/05	SRR12689986;SRR26359868						
Mucor_circinelloides_f._lusitanicus_NRRL_1442	Mucor circinelloides f. lusitanicus NRRL 1442	Mucoromycotina	NRRL 1442	SAMN15741093	PRJNA653019	36080	Mucor circinelloides	SRR12690110	H4W46	Yes	Yes		True	True	True	True	True	2020/08/05	SRR12690110;SRR26359826						
Mucor_circinelloides_f._lusitanicus_NRRL_1443	Mucor circinelloides f. lusitanicus NRRL 1443	Mucoromycotina	NRRL 1443	SAMN15740339	PRJNA653020	36080	Mucor circinelloides	SRR12690111	H4W47	Yes	Yes		True	True	True	True	True	2020/08/05	SRR12690111;SRR26359908						
Mucor_circinelloides_f._lusitanicus_NRRL_3629	Mucor circinelloides f. lusitanicus NRRL 3629	Mucoromycotina	NRRL 3629	SAMN10864747	PRJNA519265	36080	Mucor circinelloides	SRR8873499	EV152	Yes	Yes		True	True	True	True	True	2019/02/01	SRR8873499						
Mucor_circinelloides_f._lusitanicus_NRRL_3631	Mucor circinelloides f. lusitanicus NRRL 3631	Mucoromycotina	NRRL 3631	SAMN16810871	PRJNA676565	29924	Mucor lusitanicus	SRR13201171	IWR41	Yes	Yes		True	True	True	True	True	2020/11/16	SRR13201171						
Mucor_circinelloides_NRRL_A-25893	Mucor circinelloides NRRL A-25893	Mucoromycotina	NRRL A-25893	SAMN11510210	PRJNA536164	36080	Mucor circinelloides	SRR9719146	FBX17	Yes	Yes		True	True	True	True	True	2019/04/25	SRR9719146						
Mucor_circinelloides_var._griseocyanus_NRRL_1415	Mucor circinelloides var. griseocyanus NRRL 1415	Mucoromycotina	NRRL 1415	SAMN15740010	PRJNA653021	36080	Mucor circinelloides	SRR12690103	H4W48	Yes	Yes		True	True	True	True	True	2020/08/05	SRR12690103;SRR26360097						
Mucor_circinelloides_var._griseocyanus_NRRL_1416	Mucor circinelloides var. griseocyanus NRRL 1416	Mucoromycotina	NRRL 1416	SAMN16773951	PRJNA677206	36080	Mucor circinelloides		IWY18	Yes	Yes		True	True	True	True	True	2020/11/12	SRR26360069						
Mucor_circinelloides_var._griseocyanus_NRRL_1417	Mucor circinelloides var. griseocyanus NRRL 1417	Mucoromycotina	NRRL 1417	SAMN15741914	PRJNA653022	36080	Mucor circinelloides	SRR12690105	H4W49	Yes	Yes		True	True	True	True	True	2020/08/05	SRR12690105;SRR26360068						
Mucor_circinelloides_var._griseocyanus_NRRL_1418	Mucor circinelloides var. griseocyanus NRRL 1418	Mucoromycotina	NRRL 1418	SAMN15741208	PRJNA653023	36080	Mucor circinelloides	SRR12690109	H4W50	Yes	Yes		True	True	True	True	True	2020/08/05	SRR12690109;SRR26360055						
Mucor_corticolus_NRRL_A-16258	Mucor corticolus NRRL A-16258	Mucoromycotina	NRRL A-16258	SAMN11510173	PRJNA536141	1969505	Mucor corticola	SRR9713111	FBW94	Yes	Yes		True	True	True	True	True	2019/04/25	SRR9713111						
Mucor_ctenidius_NRRL_2929T	Mucor ctenidius NRRL 2929T	Mucoromycotina	NRRL 2929T	SAMN11510657	PRJNA535833	101144	Mucor ctenidius		FBU54	Yes	Yes		True	True	True	True	True	2019/04/25	SRR10127293						
Mucor_dispersus_NRRL_6039	Mucor dispersus NRRL 6039	Mucoromycotina	NRRL 6039	SAMN11528543	PRJNA537986	2583355	Backusella dispersa	SRR9029561	FB414	Yes	Yes		True	True	True	True	True	2019/04/29	SRR9029561						FLAG
Mucor_dispersus_NRRL_6045	Mucor dispersus NRRL 6045	Mucoromycotina	NRRL 6045	SAMN11528545	PRJNA535091	2583355	Backusella dispersa	SRR9720659	FBN85	Yes	Yes		True	True	True	True	True	2019/04/29	SRR9720659						FLAG
Mucor_dispersus_NRRL_6046	Mucor dispersus NRRL 6046	Mucoromycotina	NRRL 6046	SAMN11533300	PRJNA535093	2583355	Backusella dispersa	SRR9720407	FBN87	Yes	Yes		True	True	True	True	True	2019/04/29	SRR9720407						
Mucor_foenicola_NRRL_A-10991	Mucor foenicola NRRL A-10991	Mucoromycotina	NRRL A-10991	SAMN10878327	PRJNA519276	2512244	Mucor foenicola (nom. inval.)	SRR8873509	EV163	Yes	Yes		True	True	True	True	True	2019/02/05	SRR12149122;SRR8873509						
Mucor_fragilis_NRRL_2569	Mucor fragilis NRRL 2569	Mucoromycotina	NRRL 2569	SAMN10864753	PRJNA519275	64491	Mucor fragilis	SRR8873510	EV162	Yes	Yes		True	True	True	True	True	2019/02/01	SRR8873510						
Mucor_fragilis_NRRL_2714	Mucor fragilis NRRL 2714	Mucoromycotina	NRRL 2714	SAMN16773898	PRJNA677202	64491	Mucor fragilis		IWY14	Yes	Yes		True	True	True	True	True	2020/11/12	SRR26359819						
Mucor_fragilis_NRRL_A-16026	Mucor fragilis NRRL A-16026	Mucoromycotina	NRRL A-16026	SAMN11510211	PRJNA536165	64491	Mucor fragilis	SRR9713208	FBX18	Yes	Yes		True	True	True	True	True	2019/04/25	SRR9713208						
Mucor_genevensis_NRRL_1410	Mucor genevensis NRRL 1410	Mucoromycotina	NRRL 1410	SAMN15739979	PRJNA653026	64492	Mucor genevensis	SRR12690084	H4W53	Yes	Yes		True	True	True	True	True	2020/08/05	SRR12690084;SRR26360065						
Mucor_genevensis_NRRL_1411	Mucor genevensis NRRL 1411	Mucoromycotina	NRRL 1411	SAMN15739933	PRJNA653027	64492	Mucor genevensis	SRR12690082	H4W54	Yes	Yes		True	True	True	True	True	2020/08/05	SRR12690082;SRR26359889						
Mucor_genevensis_NRRL_1412	Mucor genevensis NRRL 1412	Mucoromycotina	NRRL 1412	SAMN15741868	PRJNA653074	64492	Mucor genevensis	SRR12690083	H4X01	Yes	Yes		True	True	True	True	True	2020/08/05	SRR12690083;SRR26359890						
Mucor_genevensis_NRRL_1756	Mucor genevensis NRRL 1756	Mucoromycotina	NRRL 1756	SAMN11510212	PRJNA536166	64492	Mucor genevensis	SRR9718425	FBX19	Yes	Yes		True	True	True	True	True	2019/04/25	SRR9718425						
Mucor_genevensis_NRRL_1821	Mucor genevensis NRRL 1821	Mucoromycotina	NRRL 1821	SAMN09074667	PRJNA463326	64492	Mucor genevensis	SRR7686257	DFQ21	Yes	Yes		True	True	True	True	True	2018/05/04	SRR7686257						
Mucor_genevensis_NRRL_3101	Mucor genevensis NRRL 3101	Mucoromycotina	NRRL 3101	SAMN11511984	PRJNA537136	64492	Mucor genevensis	SRR9029119	FB110	Yes	Yes		True	True	True	True	True	2019/04/25	SRR9029119						
Mucor_genevensis_NRRL_A-17770	Mucor genevensis NRRL A-17770	Mucoromycotina	NRRL A-17770	SAMN11510213	PRJNA536167	64492	Mucor genevensis	SRR9715744	FBX20	Yes	Yes		True	True	True	True	True	2019/04/25	SRR9715744						
Mucor_globosus_Fischer_NRRL_1759	Mucor globosus Fischer NRRL 1759	Mucoromycotina	NRRL 1759	SAMN11532814	PRJNA538865	2184028	Mucor globosus	SRR9719285	FB633	Yes	Yes		True	True	True	True	True	2019/04/29	SRR9719285						
Mucor_globosus_NRRL_1436	Mucor globosus NRRL 1436	Mucoromycotina	NRRL 1436	SAMN09083226	PRJNA463331	2184028	Mucor globosus	SRR7686437	DFQ24	Yes	Yes		True	True	True	True	True	2018/05/07	SRR12137153;SRR7686437						
Mucor_globosus_NRRL_A-28295	Mucor globosus NRRL A-28295	Mucoromycotina	NRRL A-28295	SAMN11510214	PRJNA536168	2184028	Mucor globosus	SRR9717313	FBX21	Yes	Yes		True	True	True	True	True	2019/04/25	SRR9717313						FLAG
Mucor_griseo-ochraceus_var._minuta_NRRL_3246	Mucor griseo-ochraceus var. minuta NRRL 3246	Mucoromycotina	NRRL 3246	SAMN10872735	PRJNA519283	2512251	Mucor griseo-ochraceus	SRR8873506	EV170	Yes	Yes		True	True	True	True	True	2019/02/04	SRR8873506						
Mucor_heterosporus_NRRL_3154	Mucor heterosporus NRRL 3154	Mucoromycotina	NRRL 3154	SAMN10872738	PRJNA519284	2512261	Mucor heterosporus	SRR8873508	EV171	Yes	Yes		True	True	True	True	True	2019/02/04	SRR8873508						
Mucor_hiemalis_f._corticola_NRRL_3617	Mucor hiemalis f. corticola NRRL 3617	Mucoromycotina	NRRL 3617	SAMN09074679	PRJNA463347	64493	Mucor hiemalis	SRR7686260	DFQ40	Yes	Yes		True	True	True	True	True	2018/05/04	SRR7686260						
Mucor_hiemalis_f._hiemalis_NRRL_1743	Mucor hiemalis f. hiemalis NRRL 1743	Mucoromycotina	NRRL 1743	SAMN11532230	PRJNA538879	64493	Mucor hiemalis	SRR9715040	FB647	Yes	Yes		True	True	True	True	True	2019/04/29	SRR9715040						
Mucor_hiemalis_f._hiemalis_NRRL_3624	Mucor hiemalis f. hiemalis NRRL 3624	Mucoromycotina	NRRL 3624	SAMN09074666	PRJNA463325	64493	Mucor hiemalis	SRR7686331	DFQ20	Yes	Yes		True	True	True	True	True	2018/05/04	SRR7686331						
Mucor_hiemalis_f._luteus_NRRL_3633	Mucor hiemalis f. luteus NRRL 3633	Mucoromycotina	NRRL 3633	SAMN09062781	PRJNA455966	64493	Mucor hiemalis	SRR7686436	DER77	Yes	Yes		True	True	True	True	True	2018/05/04	SRR7686436						
Mucor_hiemalis_f._silvaticus_NRRL_3643	Mucor hiemalis f. silvaticus NRRL 3643	Mucoromycotina	NRRL 3643	SAMN09062780	PRJNA455965	64493	Mucor hiemalis	SRR7686313	DER76	Yes	Yes		True	True	True	True	True	2018/05/04	SRR7686313						
Mucor_hiemalis_NRRL_1419	Mucor hiemalis NRRL 1419	Mucoromycotina	NRRL 1419							Yes	Yes		True	True	False	False	False								
Mucor_hiemalis_NRRL_2349	Mucor hiemalis NRRL 2349	Mucoromycotina	NRRL 2349	SAMN11510190	PRJNA536169	64493	Mucor hiemalis	SRR9718428	FBX22	Yes	Yes		True	True	True	True	True	2019/04/25	SRR9718428						
Mucor_hiemalis_NRRL_2461	Mucor hiemalis NRRL 2461	Mucoromycotina	NRRL 2461	SAMN18251099	PRJNA710985	64493	Mucor hiemalis		J3A52	Yes	Yes		True	True	True	True	True	2021/03/10	SRR26360070						
Mucor_hiemalis_NRRL_2462	Mucor hiemalis NRRL 2462	Mucoromycotina	NRRL 2462	SAMN18250786	PRJNA710993	64493	Mucor hiemalis		J3A60	Yes	Yes		True	True	True	True	True	2021/03/10	SRR26360090						
Mucor_hiemalis_NRRL_3140	Mucor hiemalis NRRL 3140	Mucoromycotina	NRRL 3140	SAMN15741897	PRJNA653008	64493	Mucor hiemalis	SRR12691215	H4W35	Yes	Yes		True	True	True	True	True	2020/08/05	SRR12691215;SRR26360061						
Mucor_hiemalis_NRRL_A-11532	Mucor hiemalis NRRL A-11532	Mucoromycotina	NRRL A-11532	SAMN11510215	PRJNA536170	64493	Mucor hiemalis	SRR9712543	FBX23	Yes	Yes		True	True	True	True	True	2019/04/25	SRR9712543						
Mucor_hiemalis_NRRL_A-16027	Mucor hiemalis NRRL A-16027	Mucoromycotina	NRRL A-16027	SAMN11510216	PRJNA536171	64493	Mucor hiemalis	SRR9720675	FBX24	Yes	Yes		True	True	True	True	True	2019/04/25	SRR9720675						
Mucor_hiemalis_NRRL_A-26125	Mucor hiemalis NRRL A-26125	Mucoromycotina	NRRL A-26125	SAMN18251318	PRJNA710984	64493	Mucor hiemalis		J3A51	Yes	Yes		True	True	True	True	True	2021/03/10	SRR26360135						
Mucor_hiemalis_NRRL_A-28298	Mucor hiemalis NRRL A-28298	Mucoromycotina	NRRL A-28298	SAMN11510217	PRJNA536172	64493	Mucor hiemalis	SRR9720683	FBX25	Yes	Yes		True	True	True	True	True	2019/04/25	SRR9720683						
Mucor_inaequisporus_NRRL_3626	Mucor inaequisporus NRRL 3626	Mucoromycotina	NRRL 3626	SAMN11493301	PRJNA535079	1196534	Mucor inaequisporus	SRR10127303	FBN73	Yes	Yes		True	True	True	True	True	2019/04/24	SRR10127303						
Mucor_indicus_Lendner_NRRL_13132	Mucor indicus Lendner NRRL 13132	Mucoromycotina	NRRL 13132	SAMN11493472	PRJNA535081	64623	Mucor indicus	SRR9720182	FBN75	Yes	Yes		True	True	True	True	True	2019/04/24	SRR9720182						
Mucor_indicus_Lendner_NRRL_13468	Mucor indicus Lendner NRRL 13468	Mucoromycotina	NRRL 13468	SAMN11493354	PRJNA535027	64623	Mucor indicus	SRR9720184	FBN18	Yes	Yes		True	True	True	True	True	2019/04/24	SRR9720184						
Mucor_indicus_NRRL_13081	Mucor indicus NRRL 13081	Mucoromycotina	NRRL 13081	SAMN16772329	PRJNA676568	64623	Mucor indicus	SRR13201175	IWR44	Yes	Yes		True	True	True	True	True	2020/11/12	SRR13201175						
Mucor_indicus_NRRL_13082	Mucor indicus NRRL 13082	Mucoromycotina	NRRL 13082	SAMN16772726	PRJNA676567	64623	Mucor indicus	SRR13201172	IWR43	Yes	Yes		True	True	True	True	True	2020/11/12	SRR13201172;SRR26360110						
Mucor_indicus_NRRL_13133	Mucor indicus NRRL 13133	Mucoromycotina	NRRL 13133	SAMN18251319	PRJNA710988	64623	Mucor indicus		J3A55	Yes	Yes		True	True	True	True	True	2021/03/10	SRR26360130						
Mucor_indicus_NRRL_13471	Mucor indicus NRRL 13471	Mucoromycotina	NRRL 13471	SAMN16772431	PRJNA676566	64623	Mucor indicus	SRR13201174	IWR42	Yes	Yes		True	True	True	True	True	2020/11/12	SRR13201174						FLAG
Mucor_indicus_NRRL_555	Mucor indicus NRRL 555	Mucoromycotina	NRRL 555	SAMN10864748	PRJNA519266	64623	Mucor indicus	SRR8873507	EV153	Yes	Yes		True	True	True	True	True	2019/02/01	SRR8873507						
Mucor_intermedius_NRRL_6588T	Mucor intermedius NRRL 6588T	Mucoromycotina	NRRL 6588T	SAMN11533294	PRJNA535821	2572692	Mucor intermedius	SRR10127295	FBU42	Yes	Yes		True	True	True	True	True	2019/04/29	SRR10127295						FLAG
Mucor_javanicus_NRRL_A-17643	Mucor javanicus NRRL A-17643	Mucoromycotina	NRRL A-17643	SAMN11510218	PRJNA536173	51122	Mucor javanicus	SRR9712619	FBX26	Yes	Yes		True	True	True	True	True	2019/04/25	SRR9712619						
Mucor_lamprosporus_NRRL_3300	Mucor lamprosporus NRRL 3300	Mucoromycotina	NRRL 3300	SAMN18251566	PRJNA710990	2572693	Mucor lamprosporus		J3A57	Yes	Yes		True	True	True	True	True	2021/03/10	SRR26360088						
Mucor_lamprosporus_NRRL_6037	Mucor lamprosporus NRRL 6037	Mucoromycotina	NRRL 6037	PRJNA537985	SAMN11533290	SRP197085				Yes	Yes		True	True	True	True	False								FLAG
Mucor_lamprosporus_NRRL_6040	Mucor lamprosporus NRRL 6040	Mucoromycotina	NRRL 6040	SAMN11532232	PRJNA535033	2572693	Mucor lamprosporus	SRR9720658	FBN24	Yes	Yes		True	True	True	True	True	2019/04/29	SRR9720658						
Mucor_lamprosporus_NRRL_6048	Mucor lamprosporus NRRL 6048	Mucoromycotina	NRRL 6048	SAMN11532714	PRJNA537987	2572693	Mucor lamprosporus	SRR9650567	FB415	Yes	Yes		True	True	True	True	True	2019/04/29	SRR9650567						FLAG
Mucor_lamprosporus_NRRL_6049	Mucor lamprosporus NRRL 6049	Mucoromycotina	NRRL 6049	SAMN11532231	PRJNA534998	2572693	Mucor lamprosporus	SRR9720652	FBM86	Yes	Yes		True	True	True	True	True	2019/04/29	SRR9720652						FLAG
Mucor_laxorrhizus_NRRL_2814	Mucor laxorrhizus NRRL 2814	Mucoromycotina	NRRL 2814	SAMN10864724	PRJNA519271	1196536	Mucor laxorrhizus	SRR8873511	EV158	Yes	Yes		True	True	True	True	True	2019/02/01	SRR8873511						
Mucor_luteus_NRRL_2847	Mucor luteus NRRL 2847	Mucoromycotina	NRRL 2847	SAMN18251102	PRJNA710996	156514	Mucor luteus		J3A63	Yes	Yes		True	True	True	True	True	2021/03/10	SRR26360108						
Mucor_luteus_NRRL_2865	Mucor luteus NRRL 2865	Mucoromycotina	NRRL 2865	SAMN10362775	PRJNA500293	156514	Mucor luteus	SRR8437490	EDC09	Yes	Yes		True	True	True	True	True	2018/11/01	SRR8437490						
Mucor_luteus_NRRL_3164	Mucor luteus NRRL 3164	Mucoromycotina	NRRL 3164	SAMN18251921	PRJNA710994	156514	Mucor luteus		J3A61	Yes	Yes		True	True	True	True	True	2021/03/10	SRR26360084						
Mucor_luteus_var._indica_NRRL_3245	Mucor luteus var. indica NRRL 3245	Mucoromycotina	NRRL 3245	SAMN09074676	PRJNA463344	156514	Mucor luteus	SRR7686438	DFQ37	Yes	Yes		True	True	True	True	True	2018/05/04	SRR7686438						
Mucor_maequisporus_var._kaki_NRRL_3295	Mucor maequisporus var. kaki NRRL 3295	Mucoromycotina	NRRL 3295	SAMN11533436	PRJNA537980	2572694	Mucor sp. JGI-2019a	SRR9650545	FB408	Yes	Yes		True	True	True	True	True	2019/04/29	SRR9650545						
Mucor_mephitis_NRRL_2596	Mucor mephitis NRRL 2596	Mucoromycotina	NRRL 2596	SAMN16810854	PRJNA677211	2789325	Mucor mephitis		IWY23	Yes	Yes		True	True	True	True	True	2020/11/16	SRR26359820						
Mucor_miehei_NRRL_5283	Mucor miehei NRRL 5283	Mucoromycotina	NRRL 5283	SAMN11510254	PRJNA536242	4839	Rhizomucor miehei	SRR9720309	FBX95	Yes	Yes		True	True	True	True	True	2019/04/25	SRR9720309						FLAG
Mucor_miehei_NRRL_5902	Mucor miehei NRRL 5902	Mucoromycotina	NRRL 5902	SAMN11493333	PRJNA535013	4839	Rhizomucor miehei	SRR9720331	FBN02	Yes	Yes		True	True	True	True	True	2019/04/24	SRR9720331						FLAG
Mucor_mousanensis_NRRL_3105	Mucor mousanensis NRRL 3105	Mucoromycotina	NRRL 3105	SAMN09062783	PRJNA455968	1196540	Mucor mousanensis	SRR7686311	DER79	Yes	Yes		True	True	True	True	True	2018/05/04	SRR7686311						
Mucor_mucedo_Linnaeus_Fresenius_NRRL_A-13277	Mucor mucedo Linnaeus Fresenius NRRL A-13277	Mucoromycotina	NRRL A-13277	SAMN11510219	PRJNA536174	29922	Mucor mucedo	SRR9720467	FBX27	Yes	Yes		True	True	True	True	True	2019/04/25	SRR9720467						
Mucor_nidicola_NRRL_54520	Mucor nidicola NRRL 54520	Mucoromycotina	NRRL 54520	SAMN09074665	PRJNA463324	1095377	Mucor nidicola	SRR7686345	DFQ19	Yes	Yes		True	True	True	True	True	2018/05/04	SRR7686345						
Mucor_oblongisporus_var._macrosporus_NRRL_1574	Mucor oblongisporus var. macrosporus NRRL 1574	Mucoromycotina	NRRL 1574	SAMN09074669	PRJNA463328	1196543	Backusella oblongispora	SRR7686255	DFQ23	Yes	Yes		True	True	True	True	True	2018/05/04	SRR7686255						FLAG
Mucor_oblongisporus_var._macrosporus_NRRL_1589	Mucor oblongisporus var. macrosporus NRRL 1589	Mucoromycotina	NRRL 1589	SAMN11510185	PRJNA536142	1196543	Backusella oblongispora	SRR9715611	FBW95	Yes	Yes		True	True	True	True	True	2019/04/25	SRR9715611						FLAG
Mucor_odoratus_NRRL_3064	Mucor odoratus NRRL 3064	Mucoromycotina	NRRL 3064	SAMN09062784	PRJNA455969	1196544	Mucor odoratus	SRR7686259	DER80	Yes	Yes		True	True	True	True	True	2018/05/04	SRR7686259						
Mucor_pakistanicus_NRRL_6589	Mucor pakistanicus NRRL 6589	Mucoromycotina	NRRL 6589	SAMN10872473	PRJNA519279	2512246	Mucor pakistanicus	SRR8873527	EV166	Yes	Yes		True	True	True	True	True	2019/02/04	SRR8873527						
Mucor_petrinsularis_var._echinosporus_NRRL_3141	Mucor petrinsularis var. echinosporus NRRL 3141	Mucoromycotina	NRRL 3141	SAMN10864751	PRJNA519273	708069	Mucor fuscus	SRR8873551	EV160	Yes	Yes		True	True	True	True	True	2019/02/01	SRR8873551						
Mucor_petrinsularis_var._ovalisporus_NRRL_2536	Mucor petrinsularis var. ovalisporus NRRL 2536	Mucoromycotina	NRRL 2536	SAMN10864723	PRJNA519270	708069	Mucor fuscus	SRR8873550	EV157	Yes	Yes		True	True	True	True	True	2019/02/01	SRR8873550						
Mucor_philippovi_NRRL_3036	Mucor philippovi NRRL 3036	Mucoromycotina	NRRL 3036	SAMN09074677	PRJNA463345	2045276	Mucor philippovii (nom. inval.)	SRR7686258	DFQ38	Yes	Yes		True	True	True	True	True	2018/05/04	SRR7686258						
Mucor_piriformis_NRRL_3637	Mucor piriformis NRRL 3637	Mucoromycotina	NRRL 3637	SAMN11510668	PRJNA536120	105697	Mucor piriformis	SRR10127296	FBW73	Yes	Yes		True	True	True	True	True	2019/04/25	SRR10127296						FLAG
Mucor_plasmaticus_NRRL_2708	Mucor plasmaticus NRRL 2708	Mucoromycotina	NRRL 2708	SAMN11532713	PRJNA538884	1196545	Mucor plasmaticus	SRR10127298	FB652	Yes	Yes		True	True	True	True	True	2019/04/29	SRR10127298						
Mucor_plumbeus_JES_114	Mucor plumbeus JES 114	Mucoromycotina	JES 114	SAMN11510828	PRJNA535823	97098	Mucor plumbeus	SRR10127300	FBU44	Yes	Yes		True	True	True	True	True	2019/04/25	SRR10127300						
Mucor_plumbeus_NRRL_2353	Mucor plumbeus NRRL 2353	Mucoromycotina	NRRL 2353	SAMN11510191	PRJNA536175	97098	Mucor plumbeus	SRR9720678	FBX28	Yes	Yes		True	True	True	True	True	2019/04/25	SRR9720678						
Mucor_plumbeus_NRRL_2357	Mucor plumbeus NRRL 2357	Mucoromycotina	NRRL 2357	SAMN15739633	PRJNA653031	97098	Mucor plumbeus	SRR12690274	H4W58	Yes	Yes		True	True	True	True	True	2020/08/05	SRR12690274;SRR26359822						FLAG
Mucor_pusillus_Lindt_NRRL_3470	Mucor pusillus Lindt NRRL 3470	Mucoromycotina	NRRL 3470	SAMN11510241	PRJNA536225	4840	Rhizomucor pusillus	SRR9720185	FBX78	Yes	Yes		True	True	True	True	True	2019/04/25	SRR9720185						FLAG
Mucor_pusillus_Lindt_NRRL_A-16035	Mucor pusillus Lindt NRRL A-16035	Mucoromycotina	NRRL A-16035	SAMN11493328	PRJNA535000	4840	Rhizomucor pusillus	SRR9720680	FBM89	Yes	Yes		True	True	True	True	True	2019/04/24	SRR9720680						FLAG
Mucor_pusillus_NRRL_5893	Mucor pusillus NRRL 5893	Mucoromycotina	NRRL 5893	SAMN11493330	PRJNA535005	4840	Rhizomucor pusillus	SRR9712445	FBM94	Yes	Yes		True	True	True	True	True	2019/04/24	SRR9712445						FLAG
Mucor_pusillus_NRRL_5895	Mucor pusillus NRRL 5895	Mucoromycotina	NRRL 5895	SAMN18251097	PRJNA710992	4840	Rhizomucor pusillus		J3A59	Yes	Yes		True	True	True	True	True	2021/03/10	SRR26360096						
Mucor_pusillus_NRRL_A-13674	Mucor pusillus NRRL A-13674	Mucoromycotina	NRRL A-13674	SAMN11510175	PRJNA536144	4840	Rhizomucor pusillus	SRR9720660	FBW97	Yes	Yes		True	True	True	True	True	2019/04/25	SRR9720660						FLAG
Mucor_pusillus_NRRL_A-14037	Mucor pusillus NRRL A-14037	Mucoromycotina	NRRL A-14037	SAMN11510186	PRJNA536145	4840	Rhizomucor pusillus	SRR9720691	FBW98	Yes	Yes		True	True	True	True	True	2019/04/25	SRR9720691						FLAG
Mucor_racemosus_f._sphaerosporus_NRRL_3645	Mucor racemosus f. sphaerosporus NRRL 3645	Mucoromycotina	NRRL 3645	SAMN09074678	PRJNA463346	4841	Mucor racemosus	SRR7686344	DFQ39	Yes	Yes		True	True	True	True	True	2018/05/04	SRR7686344						
Mucor_racemosus_Fresenius_NRRL_1504	Mucor racemosus Fresenius NRRL 1504	Mucoromycotina	NRRL 1504	SAMN11510221	PRJNA536177	4841	Mucor racemosus	SRR9717268	FBX30	Yes	Yes		True	True	True	True	True	2019/04/25	SRR9717268						
Mucor_racemosus_Fresenius_NRRL_1608	Mucor racemosus Fresenius NRRL 1608	Mucoromycotina	NRRL 1608	SAMN11510223	PRJNA536178	4841	Mucor racemosus	SRR9717095	FBX31	Yes	Yes		True	True	True	True	True	2019/04/25	SRR9717095						
Mucor_racemosus_Fresenius_NRRL_1622	Mucor racemosus Fresenius NRRL 1622	Mucoromycotina	NRRL 1622	SAMN11510224	PRJNA536179	4841	Mucor racemosus	SRR9711287	FBX32	Yes	Yes		True	True	True	True	True	2019/04/25	SRR9711287						
Mucor_racemosus_Fresenius_NRRL_1688	Mucor racemosus Fresenius NRRL 1688	Mucoromycotina	NRRL 1688	SAMN11510225	PRJNA536180	4841	Mucor racemosus	SRR9711956	FBX33	Yes	Yes		True	True	True	True	True	2019/04/25	SRR9711956						
Mucor_racemosus_Fresenius_NRRL_1994	Mucor racemosus Fresenius NRRL 1994	Mucoromycotina	NRRL 1994	SAMN11510252	PRJNA536240	4841	Mucor racemosus	SRR9720685	FBX93	Yes	Yes		True	True	True	True	True	2019/04/25	SRR9720685						
Mucor_racemosus_Fresenius_NRRL_A-11534	Mucor racemosus Fresenius NRRL A-11534	Mucoromycotina	NRRL A-11534	SAMN11510220	PRJNA536176	4841	Mucor racemosus	SRR9720679	FBX29	Yes	Yes		True	True	True	True	True	2019/04/25	SRR9720679						
Mucor_racemosus_Fresenius_NRRL_A-19185	Mucor racemosus Fresenius NRRL A-19185	Mucoromycotina	NRRL A-19185	SAMN11510226	PRJNA536181	4841	Mucor racemosus	SRR9712605	FBX34	Yes	Yes		True	True	True	True	True	2019/04/25	SRR9712605						
Mucor_racemosus_Fresenius_NRRL_A-19189	Mucor racemosus Fresenius NRRL A-19189	Mucoromycotina	NRRL A-19189	SAMN11510227	PRJNA536182	4841	Mucor racemosus	SRR9712620	FBX35	Yes	Yes		True	True	True	True	True	2019/04/25	SRR9712620						
Mucor_racemosus_NRRL_1427	Mucor racemosus NRRL 1427	Mucoromycotina	NRRL 1427	SAMN16773358	PRJNA677212	4841	Mucor racemosus		IWY24	Yes	Yes		True	True	True	True	True	2020/11/12	SRR26359912						
Mucor_racemosus_NRRL_1428	Mucor racemosus NRRL 1428	Mucoromycotina	NRRL 1428							Yes	Yes		True	True	False	False	False								
Mucor_racemosus_NRRL_1627	Mucor racemosus NRRL 1627	Mucoromycotina	NRRL 1627	SAMN11510228	PRJNA536183	4841	Mucor racemosus	SRR9719151	FBX36	Yes	Yes		True	True	True	True	True	2019/04/25	SRR9719151						
Mucor_racemosus_var._racemosus_NRRL_3641	Mucor racemosus var. racemosus NRRL 3641	Mucoromycotina	NRRL 3641	SAMN11510669	PRJNA536121	4841	Mucor racemosus	SRR10127302	FBW74	Yes	Yes		True	True	True	True	True	2019/04/25	SRR10127302						
Mucor_ramannianus_NRRL_1839	Mucor ramannianus NRRL 1839	Mucoromycotina	NRRL 1839	SAMN11510176	PRJNA536146	41833	Umbelopsis ramanniana	SRR9718427	FBW99	Yes	Yes		True	True	True	True	True	2019/04/25	SRR9718427						FLAG
Mucor_ramannianus_NRRL_A-21216	Mucor ramannianus NRRL A-21216	Mucoromycotina	NRRL A-21216	SAMN11510177	PRJNA536147	41833	Umbelopsis ramanniana	SRR9712618	FBX00	Yes	Yes		True	True	True	True	True	2019/04/25	SRR9712618						FLAG
Mucor_ramosissimus_NRRL_3042	Mucor ramosissimus NRRL 3042	Mucoromycotina	NRRL 3042	SAMN10864756	PRJNA519286	90264	Mucor ramosissimus	SRR8873549	EV173	Yes	Yes		True	True	True	True	True	2019/02/01	SRR8873549						
Mucor_recurvus_NRRL_2358	Mucor recurvus NRRL 2358	Mucoromycotina	NRRL 2358	SAMN10864752	PRJNA519274	101110	Backusella recurva	SRR8873557	EV161	Yes	Yes		True	True	True	True	True	2019/02/01	SRR8873557						
Mucor_recurvus_var._indicus_NRRL_3247	Mucor recurvus var. indicus NRRL 3247	Mucoromycotina	NRRL 3247	SAMN10864755	PRJNA519285	101110	Backusella recurva	SRR8873555	EV172	Yes	Yes		True	True	True	True	True	2019/02/01	SRR8873555						
Mucor_rouxianus_NRRL_1429	Mucor rouxianus NRRL 1429	Mucoromycotina	NRRL 1429	SAMN15759853	PRJNA653034	2761406	Mucor rouxianus	SRR12690101	H4W61	No	No		True	True	True	True	True	2020/08/07	SRR12690101;SRR26359827						
Mucor_rouxianus_NRRL_1430	Mucor rouxianus NRRL 1430	Mucoromycotina	NRRL 1430	SAMN15759851	PRJNA653035	2761406	Mucor rouxianus	SRR12690104	H4W62	No	No		True	True	False	False	True	2020/08/07	SRR12690104;SRR26359847						
Mucor_rouxii_Calmette_Wehmer_NRRL_1894	Mucor rouxii Calmette Wehmer NRRL 1894	Mucoromycotina	NRRL 1894	SAMN11510195	PRJNA536238	29923	Amylomyces rouxii	SRR9717314	FBX91	No	No		True	True	True	True	True	2019/04/25	SRR9717314						
Mucor_saturninus_NRRL_2631	Mucor saturninus NRRL 2631	Mucoromycotina	NRRL 2631	SAMN10362776	PRJNA500294	64648	Mucor saturninus	SRR8437489	EDC10	No	No		True	True	True	True	True	2018/11/01	SRR8437489						
Mucor_silvaticus_NRRL_1431	Mucor silvaticus NRRL 1431	Mucoromycotina	NRRL 1431	SAMN09074670	PRJNA463332	155724	Mucor hiemalis f. silvaticus	SRR7686253	DFQ25	No	No		True	True	True	True	True	2018/05/04	SRR7686253						
Mucor_sp._NRRL_1439	Mucor sp. NRRL 1439	Mucoromycotina	NRRL 1439	SAMN15759822	PRJNA653076	2761442	Mucor sp. NRRL 1439	SRR12690107	H4X03	No	No		True	True	True	True	True	2020/08/07	SRR12690107;SRR26359845						
Mucor_sp._NRRL_1440	Mucor sp. NRRL 1440	Mucoromycotina	NRRL 1440				Mucor sp. NRRL 1440			No	No		True	True	False	False	False								
Mucor_sp._NRRL_1441	Mucor sp. NRRL 1441	Mucoromycotina	NRRL 1441	SAMN15759884	PRJNA653036	2761414	Mucor sp. NRRL 1441	SRR12690102	H4W63	No	No		True	True	True	True	True	2020/08/07	SRR12690102;SRR26359849						
Mucor_sp._NRRL_1444	Mucor sp. NRRL 1444	Mucoromycotina	NRRL 1444	SAMN15759830	PRJNA653060	2761412	Mucor sp. NRRL 1444	SRR12690246	H4W87	No	No		True	True	True	True	True	2020/08/07	SRR12690246;SRR26359831						
Mucor_sp._NRRL_1446	Mucor sp. NRRL 1446	Mucoromycotina	NRRL 1446	SAMN16810853	PRJNA677201	2789339	Mucor sp. NRRL 1446		IWY13	No	No		True	True	True	True	True	2020/11/16	SRR26359836						
Mucor_sp._NRRL_1448	Mucor sp. NRRL 1448	Mucoromycotina	NRRL 1448	SAMN16810890	PRJNA677204	2789338	Mucor sp. NRRL 1448		IWY16	No	No		True	True	True	True	True	2020/11/16	SRR26359893						
Mucor_sp._NRRL_1449	Mucor sp. NRRL 1449	Mucoromycotina	NRRL 1449	SAMN15759878	PRJNA653077	2761439	Mucor sp. NRRL 1449	SRR12690205	H4X04	No	No		True	True	True	True	True	2020/08/07	SRR12690205;SRR26359891						
Mucor_sp._NRRL_1451	Mucor sp. NRRL 1451	Mucoromycotina	NRRL 1451	SAMN15759844	PRJNA653083	2761432	Mucor sp. NRRL 1451	SRR12690204	H4X10	No	No		True	True	True	True	True	2020/08/07	SRR12690204;SRR26359856						
Mucor_sp._NRRL_1454	Mucor sp. NRRL 1454	Mucoromycotina	NRRL 1454							No	No		True	True	False	False	False								FLAG
Mucor_sp._NRRL_1533	Mucor sp. NRRL 1533	Mucoromycotina	NRRL 1533	SAMN15759827	PRJNA653116	2761437	Mucor sp. NRRL 1533	SRR12690206	H4X43	No	No		True	True	True	True	True	2020/08/07	SRR12690206;SRR26359887						
Mucor_sp._NRRL_1644	Mucor sp. NRRL 1644	Mucoromycotina	NRRL 1644	SAMN15759828	PRJNA653115	2761436	Mucor sp. NRRL 1644	SRR12690264	H4X42	No	No		True	True	True	True	True	2020/08/07	SRR12690264;SRR26359894						
Mucor_sp._NRRL_2728	Mucor sp. NRRL 2728	Mucoromycotina	NRRL 2728	SAMN15759834	PRJNA653009	2761416	Mucor sp. NRRL 2728	SRR12691200	H4W36	No	No		True	True	True	True	True	2020/08/07	SRR12691200;SRR26359835						
Mucor_sp._NRRL_2932	Mucor sp. NRRL 2932	Mucoromycotina	NRRL 2932	SAMN15759837	PRJNA653118	2761438	Mucor sp. NRRL 2932	SRR12691195	H4X45	No	No		True	True	True	True	True	2020/08/07	SRR12691195;SRR26359853						
Mucor_sp._NRRL_3206	Mucor sp. NRRL 3206	Mucoromycotina	NRRL 3206	SAMN18312916	PRJNA710986	2818458	Mucor sp. NRRL 3206		J3A53	No	No		True	True	True	True	True	2021/03/15	SRR26360112						FLAG
Mucor_sp._NRRL_A-14906	Mucor sp. NRRL A-14906	Mucoromycotina	NRRL A-14906	SAMN11532703	PRJNA536184	2572661	Mucor sp. NRRL A-14906	SRR9713209	FBX37	No	No		True	True	True	True	True	2019/04/29	SRR9713209						
Mucor_sp._NRRL_A-17182	Mucor sp. NRRL A-17182	Mucoromycotina	NRRL A-17182	SAMN11533438	PRJNA536185	2572662	Mucor sp. NRRL A-17182	SRR9713113	FBX38	No	No		True	True	True	True	True	2019/04/29	SRR9713113						
Mucor_sp._NRRL_A-17797	Mucor sp. NRRL A-17797	Mucoromycotina	NRRL A-17797	SAMN11532704	PRJNA536186	2572663	Mucor sp. NRRL A-17797	SRR9714902	FBX39	No	No		True	True	True	True	True	2019/04/29	SRR9714902						
Mucor_sp._NRRL_A-18583	Mucor sp. NRRL A-18583	Mucoromycotina	NRRL A-18583	SAMN11532037	PRJNA536187	2572664	Mucor sp. NRRL A-18583	SRR9713218	FBX40	No	No		True	True	True	True	True	2019/04/29	SRR9713218						
Mucor_sp._NRRL_A-21230	Mucor sp. NRRL A-21230	Mucoromycotina	NRRL A-21230	SAMN11532223	PRJNA536188	2572665	Mucor sp. NRRL A-21230	SRR9713112	FBX41	No	No		True	True	True	True	True	2019/04/29	SRR9713112						
Mucor_sp._NRRL_A-21232	Mucor sp. NRRL A-21232	Mucoromycotina	NRRL A-21232	SAMN11532224	PRJNA536189	2572666	Mucor sp. NRRL A-21232	SRR9719152	FBX42	No	No		True	True	True	True	True	2019/04/29	SRR9719152						
Mucor_sp._NRRL_A-21236	Mucor sp. NRRL A-21236	Mucoromycotina	NRRL A-21236	SAMN11533293	PRJNA536190	2572667	Mucor sp. NRRL A-21236	SRR9713110	FBX43	No	No		True	True	True	True	True	2019/04/29	SRR9713110						
Mucor_sp._NRRL_A-25546	Mucor sp. NRRL A-25546	Mucoromycotina	NRRL A-25546	SAMN11533439	PRJNA536191	2572668	Mucor sp. NRRL A-25546	SRR9717096	FBX44	No	No		True	True	True	True	True	2019/04/29	SRR9717096						
Mucor_sp._NRRL_A-25547	Mucor sp. NRRL A-25547	Mucoromycotina	NRRL A-25547	SAMN11528546	PRJNA536192	2572669	Mucor sp. NRRL A-25547	SRR9720673	FBX45	No	No		True	True	True	True	True	2019/04/29	SRR9720673						
Mucor_sp._NRRL_A-25548	Mucor sp. NRRL A-25548	Mucoromycotina	NRRL A-25548	SAMN11532816	PRJNA536193	2572670	Mucor sp. NRRL A-25548	SRR9712608	FBX46	No	No		True	True	True	True	True	2019/04/29	SRR9712608						FLAG
Mucor_sp._NRRL_A-25783	Mucor sp. NRRL A-25783	Mucoromycotina	NRRL A-25783	SAMN11533440	PRJNA536194	2572671	Mucor sp. NRRL A-25783	SRR9715010	FBX47	No	No		True	True	True	True	True	2019/04/29	SRR9715010						
Mucor_sp._NRRL_A-25793	Mucor sp. NRRL A-25793	Mucoromycotina	NRRL A-25793	SAMN11532555	PRJNA536195	2572672	Mucor sp. NRRL A-25793	SRR9720460	FBX48	No	No		True	True	True	True	True	2019/04/29	SRR9720460						
Mucor_sp._NRRL_A-25970	Mucor sp. NRRL A-25970	Mucoromycotina	NRRL A-25970	SAMN11532817	PRJNA536196	2572673	Mucor sp. NRRL A-25970	SRR9719149	FBX49	No	No		True	True	True	True	True	2019/04/29	SRR9719149						
Mucor_sp._NRRL_A-26212	Mucor sp. NRRL A-26212	Mucoromycotina	NRRL A-26212	SAMN11528549	PRJNA538868	2572674	Mucor sp. NRRL A-26212	SRR9712542	FB636	No	No		True	True	True	True	True	2019/04/29	SRR9712542						
Mucor_subtilissimus_NRRL_6226	Mucor subtilissimus NRRL 6226	Mucoromycotina	NRRL 6226	SAMN18251100	PRJNA710987	64621	Mucor subtilissimus		J3A54	No	No		True	True	True	True	True	2021/03/10	SRR26360104						
Mucor_tenuis_NRRL_1435	Mucor tenuis NRRL 1435	Mucoromycotina	NRRL 1435	SAMN15759845	PRJNA653084	2761445	Mucor tenuis	SRR12690106	H4X11	No	No		True	True	True	True	True	2020/08/07	SRR12690106;SRR26359913						
Mucor_varians_NRRL_1760	Mucor varians NRRL 1760	Mucoromycotina	NRRL 1760	SAMN09074668	PRJNA463327	91628	Mucor racemosus f. racemosus	SRR7686256	DFQ22	No	No		True	True	True	True	True	2018/05/04	SRR7686256						
Mucor_zychae_var._zychae_NRRL_3243	Mucor zychae var. zychae NRRL 3243	Mucoromycotina	NRRL 3243	SAMN10361576	PRJNA499690	1196563	Mucor zychae	SRR8485170	EC984	No	No		True	True	True	True	True	2018/11/01	SRR8485170						
Mucor_zychii_NRRL_3200	Mucor zychii NRRL 3200	Mucoromycotina	NRRL 3200							No	No		True	True	False	False	False								
Mycocladus_corymbifer_NRRL_1309	Mycocladus corymbifer NRRL 1309	Mucoromycotina	NRRL 1309	SAMN11510245	PRJNA536231	42458	Lichtheimia corymbifera	SRR9719283	FBX84	No	No		True	True	True	True	True	2019/04/25	SRR9719283						
Mycotypha_africana_NRRL_2978	Mycotypha africana NRRL 2978	Mucoromycotina	NRRL 2978	SAMN05445191	PRJNA332250	64632	Mycotypha africana	SRR5166943;SRR6049697	BDF20	No	No		True	True	False	False	True	2016/07/26	SRR5166943;SRR5166944;SRR5166945;SRR5166946;SRR5166947;SRR5166948;SRR5166949;SRR5166950;SRR5166951;SRR5166952;SRR5166953	GCF_025528875.1	2022/10/03	True			
Mycotypha_microspora_Fenner_NRRL_684	Mycotypha microspora Fenner NRRL 684	Mucoromycotina	NRRL 684	SAMN11510229	PRJNA536197	64633	Mycotypha microspora	SRR9719313	FBX50	No	No		True	True	True	True	True	2019/04/25	SRR9719313						
Mycotypha_microspora_Fenner_NRRL_A-11005	Mycotypha microspora Fenner NRRL A-11005	Mucoromycotina	NRRL A-11005	SAMN11510230	PRJNA536198	64633	Mycotypha microspora	SRR9719598	FBX51	No	No		True	True	True	True	True	2019/04/25	SRR9719598						
Mycotypha_microspora_IMI_282443	Mycotypha microspora IMI 282443	Mucoromycotina	IMI 282443	SAMN10362883	PRJNA500296	64633	Mycotypha microspora	SRR8437488	EDC12	Yes	Yes		True	True	True	True	True	2018/11/01	SRR8437488						
Mycotypha_microspora_NRRL_1572	Mycotypha microspora NRRL 1572	Mucoromycotina	NRRL 1572	SAMN15739634	PRJNA653039	64633	Mycotypha microspora	SRR12690207	H4W66	Yes	Yes		True	True	True	True	True	2020/08/05	SRR12690207;SRR26359888						
Parasitella_parasitica_Bainier_Sydow_NRRL_1461	Parasitella parasitica Bainier_Sydow NRRL 1461	Mucoromycotina	NRRL 1461	SAMN11510253	PRJNA536241	35722	Parasitella parasitica	SRR9719769	FBX94	Yes	Yes		True	True	True	True	True	2019/04/25	SRR9719769						
Parasitella_parasitica_NRRL_2501	Parasitella parasitica NRRL 2501	Mucoromycotina	NRRL 2501	SAMN05445332	PRJNA334778	35722	Parasitella parasitica	SRR12691100;SRR8840798;SRR8840827	BD408	Yes	Yes		True	True	True	True	True	2016/07/26	SRR8840797;SRR8840798	GCA_025201805.1	2022/09/08	True			
Parasitella_simplex_NRRL_1460	Parasitella simplex NRRL 1460	Mucoromycotina	NRRL 1460	SAMN11510178	PRJNA536148	35722	Parasitella parasitica	SRR9719186	FBX01	Yes	Yes		True	True	True	True	True	2019/04/25	SRR9719186						
Parasitella_simplex_NRRL_2500	Parasitella simplex NRRL 2500	Mucoromycotina	NRRL 2500	SAMN16773216	PRJNA677213	35722	Parasitella parasitica		IWY25	Yes	Yes		True	True	True	True	True	2020/11/12	SRR26359848						
Phycomyces_blakesleeanus_Burgeff_NRRL_1465	Phycomyces blakesleeanus Burgeff NRRL 1465	Mucoromycotina	NRRL 1465	SAMN11510250	PRJNA536236	4837	Phycomyces blakesleeanus	SRR9719908	FBX89	Yes	Yes		True	True	True	True	True	2019/04/25	SRR9719908						
Phycomyces_blakesleeanus_Burgeff_var._piloboloides_NRRL_2566	Phycomyces blakesleeanus Burgeff var. piloboloides NRRL 2566	Mucoromycotina	NRRL 2566	SAMN11533298	PRJNA538875	4837	Phycomyces blakesleeanus	SRR9712607	FB643	Yes	Yes		True	True	True	True	True	2019/04/29	SRR9712607						
Phycomyces_blakesleeanus_NRRL_1464	Phycomyces blakesleeanus NRRL 1464	Mucoromycotina	NRRL 1464	SAMN15739936	PRJNA653040	4837	Phycomyces blakesleeanus	SRR12690209	H4W67	Yes	Yes		True	True	True	True	True	2020/08/05	SRR12690209;SRR26359857						
Phycomyces_blakesleeanus_NRRL_1554	Phycomyces blakesleeanus NRRL 1554	Mucoromycotina	NRRL 1554	SAMN15740500	PRJNA653041	4837	Phycomyces blakesleeanus	SRR12690248	H4W68	Yes	Yes		True	True	True	True	True	2020/08/05	SRR12690248;SRR26359895						
Phycomyces_blakesleeanus_NRRL_1555	Phycomyces blakesleeanus NRRL 1555	Mucoromycotina	NRRL 1555	SAMN16773475	PRJNA677217	763407	Phycomyces blakesleeanus NRRL 1555(-)		IWY29	Yes	Yes		True	True	False	False	True	2020/11/12	SRR26360059				Syncephalastrum sp. (confirmed)	exclude from species-level scoring	FLAG
Phycomyces_blakesleeanus_NRRL_1556	Phycomyces blakesleeanus NRRL 1556	Mucoromycotina	NRRL 1556	SAMN16773493	PRJNA677214	4837	Phycomyces blakesleeanus		IWY26	Yes	Yes		True	True	True	True	True	2020/11/12	SRR26359869				Gilbertella sp. (confirmed)	exclude from species-level scoring	FLAG
Phycomyces_nitens_NRRL_2444	Phycomyces nitens NRRL 2444	Mucoromycotina	NRRL 2444	SAMN15739737	PRJNA653093	269771	Phycomyces nitens	SRR12690266	H4X20	Yes	Yes		True	True	True	True	True	2020/08/05	SRR12690266;SRR26359817						
Phycomyces_nitens_NRRL_2445	Phycomyces nitens NRRL 2445	Mucoromycotina	NRRL 2445	SAMN15740987	PRJNA653102	269771	Phycomyces nitens	SRR12690272	H4X29	Yes	Yes		True	True	True	True	True	2020/08/05	SRR12690272;SRR26359829						
Phycomyces_nitens_NRRL_2700	Phycomyces nitens NRRL 2700	Mucoromycotina	NRRL 2700	SAMN15739940	PRJNA653042	269771	Phycomyces nitens	SRR12691197	H4W69	Yes	Yes		True	True	True	True	True	2020/08/05	SRR12691197;SRR26359385				Gilbertella sp. (confirmed)	exclude from species-level scoring	FLAG
Phycomyces_theobromatus_NRRL_1467	Phycomyces theobromatus NRRL 1467	Mucoromycotina	NRRL 1467	SAMN10872461	PRJNA519262	2512243	Phycomyces sp. JGI-2019a	SRR8873556	EV149	Yes	Yes		True	True	True	True	True	2019/02/04	SRR8873556						
Pilaira_anomala_NRRL_2526	Pilaira anomala NRRL 2526	Mucoromycotina	NRRL 2526	SAMN15741101	PRJNA653177	64641	Pilaira anomala	SRR12691191	H4Y04	Yes	Yes		True	True	True	True	True	2020/08/05	SRR12691191;SRR26359833						
Pilaira_anomala_NRRL_2527	Pilaira anomala NRRL 2527	Mucoromycotina	NRRL 2527	SAMN15740005	PRJNA653092	64641	Pilaira anomala	SRR12691190	H4X19	Yes	Yes		True	True	True	True	True	2020/08/05	SRR12691190;SRR26359837				Syncephalastrum sp. (confirmed)	exclude from species-level scoring	FLAG
Pilaira_anomala_RSA_1997_Plus	Pilaira anomala RSA 1997_Plus	Mucoromycotina	RSA 1997_Plus	SAMN11493358	PRJNA535044	64641	Pilaira anomala	SRR10127305	FBN36	Yes	Yes		False	False	True	True	True	2019/04/24	SRR10127305				Cunninghamella sp. (confirmed)	hold out of all analyses (species and label scoring): possible sample mixup or contamination; needs investigation	FLAG
Pilaira_anomala_RSA_1998-	Pilaira anomala RSA 1998-	Mucoromycotina	RSA 1998-	SAMN11510666	PRJNA536118	64641	Pilaira anomala	SRR10127299	FBW71	Yes	Yes		True	True	True	True	True	2019/04/25	SRR10127299						
Pilaira_caucasica_CBS_523.68	Pilaira caucasica CBS 523.68	Mucoromycotina	CBS 523.68	SAMN09062786	PRJNA455972	443158	Pilaira moreaui var. caucasica	SRR7686252	DER83	Yes	Yes		True	True	True	True	True	2018/05/04	SRR7686252						
Pilaira_caucasica_Milko_NRRL_6282	Pilaira caucasica Milko NRRL 6282	Mucoromycotina	NRRL 6282	SAMN11510193	PRJNA536226	443158	Pilaira moreaui var. caucasica	SRR9716093	FBX79	Yes	Yes		True	True	True	True	True	2019/04/25	SRR9716093						
Pilaira_moreaui_CBS_181.26	Pilaira moreaui CBS 181.26	Mucoromycotina	CBS 181.26	SAMN09062757	PRJNA455973	443155	Pilaira moreaui	SRR7686249	DER84	Yes	Yes		True	True	True	True	True	2018/05/04	SRR7686249						
Pirella_circinans_NRRL_2627	Pirella circinans NRRL 2627	Mucoromycotina	NRRL 2627	SAMN15741351	PRJNA653087	64646	Pirella circinans	SRR12691198	H4X14	Yes	Yes		True	True	True	True	True	2020/08/05	SRR12691198;SRR26359818						
Pirella_circinans_NRRL_2698	Pirella circinans NRRL 2698	Mucoromycotina	NRRL 2698	SAMN15741628	PRJNA653113	64646	Pirella circinans	SRR12691194	H4X40	Yes	Yes		True	True	True	True	True	2020/08/05	SRR12691194;SRR26359852						
Pirella_circinans_NRRL_2701	Pirella circinans NRRL 2701	Mucoromycotina	NRRL 2701	SAMN15739980	PRJNA653088	64646	Pirella circinans	SRR12691192	H4X15	Yes	Yes		True	True	True	True	True	2020/08/05	SRR12691192;SRR26359381						
Pirella_circinans_NRRL_2748	Pirella circinans NRRL 2748	Mucoromycotina	NRRL 2748							Yes	Yes		True	True	False	False	False								
Pirella_circinans_RSA_622-	Pirella circinans RSA 622-	Mucoromycotina	RSA 622-	SAMN11510660	PRJNA535836	64646	Pirella circinans	SRR10127306	FBU58	Yes	Yes		True	True	True	True	True	2019/04/25	SRR10127306						
Pirella_circinans_RSA_682	Pirella circinans RSA 682	Mucoromycotina	RSA 682	SAMN11510656	PRJNA535832	64646	Pirella circinans	SRR10127304	FBU53	Yes	Yes		True	True	True	True	True	2019/04/25	SRR10127304						
Pirella_circinans_var._volvogradensis_RSA_2566	Pirella circinans var. volvogradensis RSA 2566	Mucoromycotina	RSA 2566	SAMN09074680	PRJNA463348	64646	Pirella circinans	SRR7686433	DFQ41	Yes	Yes		True	True	True	True	True	2018/05/04	SRR7686433						FLAG
Pirella_naumovii_IMI_133977	Pirella naumovii IMI 133977	Mucoromycotina	IMI 133977	SAMN09062756	PRJNA455971	1196579	Pirella naumovii	SRR7686251	DER82	Yes	Yes		True	True	True	True	True	2018/05/04	SRR7686251						
Pirella_reniformis_NRRL_5259	Pirella reniformis NRRL 5259	Mucoromycotina	NRRL 5259	SAMN09083228	PRJNA463343	2184027	Pirella reniformis	SRR7686434	DFQ36	Yes	Yes		True	True	True	True	True	2018/05/07	SRR7686434						
Protomycocladus_faisalabadensis_NRRL_22826	Protomycocladus faisalabadensis NRRL 22826	Mucoromycotina	NRRL 22826	SAMN11510826	PRJNA535820	101113	Protomycocladus faisalabadensis	SRR10127521	FBU41	Yes	Yes		True	True	True	True	True	2019/04/25	SRR10127521						
Radiomyces_spectabilis_NRRL_2753	Radiomyces spectabilis NRRL 2753	Mucoromycotina	NRRL 2753	SAMN06266976	PRJNA366636	64574	Radiomyces spectabilis	SRR5204270;SRR6047893	BYT42	Yes	Yes		True	True	False	False	True	2017/01/25	SRR5204270;SRR5204271;SRR5204272;SRR5204273;SRR5204274;SRR5204275;SRR5204276;SRR5204277;SRR5204278;SRR5204279	GCF_025331425.1	2022/09/20	True			
Rhizomucor_pusillus_NRRL_2543	Rhizomucor pusillus NRRL 2543	Mucoromycotina	NRRL 2543	SAMN11528551	PRJNA538883	4840	Rhizomucor pusillus	SRR10127526	FB651	Yes	Yes		True	True	True	True	True	2019/04/29	SRR10127526				Phycomyces sp. (confirmed)	exclude from species-level scoring	FLAG
Rhizopus_acetoinus_NRRL_549	Rhizopus acetoinus NRRL 549	Mucoromycotina	NRRL 549	SAMN11532698	PRJNA537965	2572695	Rhizopus sp. 'acetoinus'	SRR9027888	FB393	Yes	Yes		True	True	True	True	True	2019/04/29	SRR9027888						
Rhizopus_acetoinus_NRRL_5833	Rhizopus acetoinus NRRL 5833	Mucoromycotina	NRRL 5833	SAMN11528548	PRJNA536227	2572695	Rhizopus sp. 'acetoinus'	SRR9720370	FBX80	Yes	Yes		True	True	True	True	True	2019/04/29	SRR9720370						
Rhizopus_americanus_NRRL_66675	Rhizopus americanus NRRL 66675	Mucoromycotina	NRRL 66675	SAMN10361220	PRJNA499675	235392	Rhizopus americanus	SRR8485126	EC969	Yes	Yes		True	True	True	True	True	2018/11/01	SRR8485126						
Rhizopus_arrhizus_CBS_258.28	Rhizopus arrhizus CBS 258.28	Mucoromycotina	CBS 258.28	SAMN14511894	PRJNA619754	64495	Rhizopus oryzae	SRR12277945	HDV07	Yes	Yes		True	True	True	True	True	2020/03/31	SRR12277945						
Rhizopus_arrhizus_CBS_330.53	Rhizopus arrhizus CBS 330.53	Mucoromycotina	CBS 330.53	SAMN14511913	PRJNA619755	64495	Rhizopus oryzae	SRR12334051	HDV08	Yes	Yes		True	True	True	True	True	2020/03/31	SRR12334051						
Rhizopus_arrhizus_CBS_387.34	Rhizopus arrhizus CBS 387.34	Mucoromycotina	CBS 387.34	SAMN14512023	PRJNA619756	64495	Rhizopus oryzae	SRR12277933	HDV09	Yes	Yes		True	True	True	True	True	2020/03/31	SRR12277933						
Rhizopus_arrhizus_Fischer_NRRL_1527	Rhizopus arrhizus Fischer NRRL 1527	Mucoromycotina	NRRL 1527	SAMN11510179	PRJNA536149	64495	Rhizopus oryzae	SRR9720183	FBX02	Yes	Yes		True	True	True	True	True	2019/04/25	SRR9720183						
Rhizopus_arrhizus_IMI16641	Rhizopus arrhizus IMI16641	Mucoromycotina	IMI 16641	SAMN14511995	PRJNA619757	64495	Rhizopus oryzae	SRR12270018	HDV10	No	No		True	True	False	False	True	2020/03/31	SRR12270018						
Rhizopus_arrhizus_IMI195599	Rhizopus arrhizus IMI195599	Mucoromycotina	IMI 195599	SAMN14511979	PRJNA619759	64495	Rhizopus oryzae	SRR12278003	HDV12	No	No		True	True	False	False	True	2020/03/31	SRR12278003						
Rhizopus_arrhizus_IMI199624	Rhizopus arrhizus IMI199624	Mucoromycotina	IMI 199624	SAMN14512024	PRJNA619760	64495	Rhizopus oryzae	SRR12278007	HDV13	No	No		True	True	False	False	True	2020/03/31	SRR12278007						
Rhizopus_arrhizus_IMI266680	Rhizopus arrhizus IMI266680	Mucoromycotina	IMI 266680	SAMN14512105	PRJNA619763	64495	Rhizopus oryzae	SRR12278013	HDV16	No	No		True	True	False	False	True	2020/03/31	SRR12278013						
Rhizopus_arrhizus_IMI53173	Rhizopus arrhizus IMI53173	Mucoromycotina	IMI 53173	SAMN14511914	PRJNA619764	64495	Rhizopus oryzae	SRR12268523	HDV17	No	No		True	True	False	False	True	2020/03/31	SRR12268523						
Rhizopus_arrhizus_NBRC_4735	Rhizopus arrhizus NBRC 4735	Mucoromycotina	NBRC 4735	SAMN14511896	PRJNA619766	64495	Rhizopus oryzae	SRR12277944	HDV19	No	No		True	True	True	True	True	2020/03/31	SRR12277944						
Rhizopus_arrhizus_NBRC_4770	Rhizopus arrhizus NBRC 4770	Mucoromycotina	NBRC 4770	SAMN14512025	PRJNA619767	64495	Rhizopus oryzae	SRR12277417	HDV20	No	No		True	True	True	True	True	2020/03/31	SRR12277417						
Rhizopus_arrhizus_NBRC_5318	Rhizopus arrhizus NBRC 5318	Mucoromycotina	NBRC 5318	SAMN14511790	PRJNA619768	64495	Rhizopus oryzae	SRR12277396	HDV21	No	No		True	True	True	True	True	2020/03/31	SRR12277396						
Rhizopus_arrhizus_NRRL_13014	Rhizopus arrhizus NRRL 13014	Mucoromycotina	NRRL 13014	SAMN11512124	PRJNA537991	64495	Rhizopus oryzae	SRR9029539	FB419	Yes	Yes		True	True	True	True	True	2019/04/25	SRR9029539						
Rhizopus_arrhizus_NRRL_1470	Rhizopus arrhizus NRRL 1470	Mucoromycotina	NRRL 1470	SAMN11512088	PRJNA537966	64495	Rhizopus oryzae	SRR9028607	FB394	Yes	Yes		True	True	True	True	True	2019/04/25	SRR9028607				Circinella umbellata (unconfirmed)	exclude from species-level scoring	FLAG
Rhizopus_arrhizus_NRRL_2004	Rhizopus arrhizus NRRL 2004	Mucoromycotina	NRRL 2004	SAMN11511980	PRJNA537974	64495	Rhizopus oryzae	SRR9028957	FB402	Yes	Yes		True	True	True	True	True	2019/04/25	SRR9028957						
Rhizopus_arrhizus_NRRL_2286	Rhizopus arrhizus NRRL 2286	Mucoromycotina	NRRL 2286	SAMN11533444	PRJNA538866	64495	Rhizopus oryzae	SRR9720375	FB634	Yes	Yes		True	True	True	True	True	2019/04/29	SRR9720375						
Rhizopus_arrhizus_NRRL_2582	Rhizopus arrhizus NRRL 2582	Mucoromycotina	NRRL 2582	SAMN11512090	PRJNA537976	64495	Rhizopus oryzae	SRR9029062	FB404	Yes	Yes		True	True	True	True	True	2019/04/25	SRR9029062						
Rhizopus_arrhizus_NRRL_5896	Rhizopus arrhizus NRRL 5896	Mucoromycotina	NRRL 5896	SAMN11493331	PRJNA535007	64495	Rhizopus oryzae	SRR9720376	FBM96	Yes	Yes		True	True	True	True	True	2019/04/24	SRR9720376						
Rhizopus_arrhizus_NRRL_5899	Rhizopus arrhizus NRRL 5899	Mucoromycotina	NRRL 5899	SAMN11512120	PRJNA537984	64495	Rhizopus oryzae	SRR9650566	FB412	Yes	Yes		True	True	True	True	True	2019/04/25	SRR9650566						
Rhizopus_arrhizus_NRRL_66519	Rhizopus arrhizus NRRL 66519	Mucoromycotina	NRRL 66519	SAMN16772367	PRJNA676573	64495	Rhizopus oryzae	SRR13201207	IWR49	Yes	Yes		True	True	True	True	True	2020/11/12	SRR13201207;SRR26360106						
Rhizopus_arrhizus_NRRL_66564	Rhizopus arrhizus NRRL 66564	Mucoromycotina	NRRL 66564	SAMN11512126	PRJNA537993	64495	Rhizopus oryzae	SRR9650585	FB421	Yes	Yes		True	True	True	True	True	2019/04/25	SRR9650585						
Rhizopus_arrhizus_NRRL_66565	Rhizopus arrhizus NRRL 66565	Mucoromycotina	NRRL 66565	SAMN11493309	PRJNA535100	64495	Rhizopus oryzae	SRR9720332	FBN95	Yes	Yes		True	True	True	True	True	2019/04/24	SRR9720332						
Rhizopus_arrhizus_NRRL_66568	Rhizopus arrhizus NRRL 66568	Mucoromycotina	NRRL 66568	SAMN11493327	PRJNA534996	64495	Rhizopus oryzae	SRR9720333	FBM84	Yes	Yes		True	True	True	True	True	2019/04/24	SRR9720333						
Rhizopus_arrhizus_NRRL_66592	Rhizopus arrhizus NRRL 66592	Mucoromycotina	NRRL 66592	SAMN11493332	PRJNA535009	64495	Rhizopus oryzae	SRR9720311	FBM98	Yes	Yes		True	True	True	True	True	2019/04/24	SRR9720311						
Rhizopus_arrhizus_NRRL_66595	Rhizopus arrhizus NRRL 66595	Mucoromycotina	NRRL 66595	SAMN11493334	PRJNA535015	64495	Rhizopus oryzae	SRR9720322	FBN04	Yes	Yes		True	True	True	True	True	2019/04/24	SRR9720322						
Rhizopus_arrhizus_NRRL_66596	Rhizopus arrhizus NRRL 66596	Mucoromycotina	NRRL 66596	SAMN11493473	PRJNA535018	64495	Rhizopus oryzae	SRR9720313	FBN08	Yes	Yes		True	True	True	True	True	2019/04/24	SRR9720313						
Rhizopus_arrhizus_NRRL_A-10276	Rhizopus arrhizus NRRL A-10276	Mucoromycotina	NRRL A-10276	SAMN14511897	PRJNA619769	64495	Rhizopus oryzae	SRR12274631	HDV22	No	No		True	True	True	True	True	2020/03/31	SRR12274631						
Rhizopus_arrhizus_NRRL_A-10365	Rhizopus arrhizus NRRL A-10365	Mucoromycotina	NRRL A-10365	SAMN11510180	PRJNA536150	64495	Rhizopus oryzae	SRR9720372	FBX03	Yes	Yes		True	True	True	True	True	2019/04/25	SRR9720372						
Rhizopus_arrhizus_NRRL_A-10369	Rhizopus arrhizus NRRL A-10369	Mucoromycotina	NRRL A-10369	SAMN11511983	PRJNA537994	64495	Rhizopus oryzae	SRR9650588	FB422	Yes	Yes		True	True	True	True	True	2019/04/25	SRR9650588						
Rhizopus_arrhizus_NRRL_A-11376	Rhizopus arrhizus NRRL A-11376	Mucoromycotina	NRRL A-11376	SAMN11510181	PRJNA536151	64495	Rhizopus oryzae	SRR9720377	FBX04	Yes	Yes		True	True	True	True	True	2019/04/25	SRR9720377						
Rhizopus_arrhizus_NRRL_A-12134	Rhizopus arrhizus NRRL A-12134	Mucoromycotina	NRRL A-12134	SAMN14511935	PRJNA619770	64495	Rhizopus oryzae	SRR12274347	HDV23	Yes	Yes		True	True	True	True	True	2020/03/31	SRR12274347						
Rhizopus_arrhizus_NRRL_A-12745	Rhizopus arrhizus NRRL A-12745	Mucoromycotina	NRRL A-12745	SAMN14512026	PRJNA619771	64495	Rhizopus oryzae	SRR12274632	HDV24	Yes	Yes		True	True	True	True	True	2020/03/31	SRR12274632						
Rhizopus_arrhizus_NRRL_A-12998	Rhizopus arrhizus NRRL A-12998	Mucoromycotina	NRRL A-12998	SAMN11512127	PRJNA537995	64495	Rhizopus oryzae	SRR9029842	FB423	Yes	Yes		True	True	True	True	True	2019/04/25	SRR9029842						
Rhizopus_arrhizus_NRRL_A-13276	Rhizopus arrhizus NRRL A-13276	Mucoromycotina	NRRL A-13276	SAMN18251096	PRJNA710989	64495	Rhizopus oryzae		J3A56	Yes	Yes		True	True	True	True	True	2021/03/10	SRR26360105						
Rhizopus_arrhizus_NRRL_A-13606	Rhizopus arrhizus NRRL A-13606	Mucoromycotina	NRRL A-13606	SAMN14511976	PRJNA619773	64495	Rhizopus oryzae	SRR12274946	HDV26	No	No		True	True	True	True	True	2020/03/31	SRR12274946						
Rhizopus_arrhizus_NRRL_A-13642	Rhizopus arrhizus NRRL A-13642	Mucoromycotina	NRRL A-13642	SAMN14511981	PRJNA619774	64495	Rhizopus oryzae	SRR12274947	HDV27	No	No		True	True	True	True	True	2020/03/31	SRR12274947						
Rhizopus_arrhizus_NRRL_A-13676	Rhizopus arrhizus NRRL A-13676	Mucoromycotina	NRRL A-13676	SAMN14511791	PRJNA619775	64495	Rhizopus oryzae	SRR12277044	HDV28	No	No		True	True	True	True	True	2020/03/31	SRR12277044						
Rhizopus_arrhizus_NRRL_A-13678	Rhizopus arrhizus NRRL A-13678	Mucoromycotina	NRRL A-13678	SAMN14511936	PRJNA619777	64495	Rhizopus oryzae	SRR12277053	HDV30	No	No		True	True	True	True	True	2020/03/31	SRR12277053						
Rhizopus_arrhizus_NRRL_A-13738	Rhizopus arrhizus NRRL A-13738	Mucoromycotina	NRRL A-13738	SAMN14511792	PRJNA619780	64495	Rhizopus oryzae	SRR12271099	HDV33	No	No		True	True	True	True	True	2020/03/31	SRR12271099						
Rhizopus_arrhizus_NRRL_A-13850	Rhizopus arrhizus NRRL A-13850	Mucoromycotina	NRRL A-13850	SAMN14511898	PRJNA619781	64495	Rhizopus oryzae	SRR12271103	HDV34	No	No		True	True	True	True	True	2020/03/31	SRR12271103						
Rhizopus_arrhizus_NRRL_A-13860	Rhizopus arrhizus NRRL A-13860	Mucoromycotina	NRRL A-13860	SAMN11511958	PRJNA537996	64495	Rhizopus oryzae	SRR9650592	FB424	Yes	Yes		True	True	True	True	True	2019/04/25	SRR9650592						
Rhizopus_arrhizus_NRRL_A-15308	Rhizopus arrhizus NRRL A-15308	Mucoromycotina	NRRL A-15308	SAMN14511793	PRJNA619783	64495	Rhizopus oryzae	SRR12277049	HDV36	No	No		True	True	True	True	True	2020/03/31	SRR12277049						
Rhizopus_arrhizus_NRRL_A-16824	Rhizopus arrhizus NRRL A-16824	Mucoromycotina	NRRL A-16824	SAMN11511961	PRJNA537999	64495	Rhizopus oryzae	SRR9030128	FB427	Yes	Yes		True	True	True	True	True	2019/04/25	SRR9030128						
Rhizopus_arrhizus_NRRL_A-16826	Rhizopus arrhizus NRRL A-16826	Mucoromycotina	NRRL A-16826	SAMN11511962	PRJNA538000	64495	Rhizopus oryzae	SRR9030123	FB428	Yes	Yes		True	True	True	True	True	2019/04/25	SRR9030123						
Rhizopus_arrhizus_NRRL_A-16827	Rhizopus arrhizus NRRL A-16827	Mucoromycotina	NRRL A-16827	SAMN11511963	PRJNA538001	64495	Rhizopus oryzae	SRR9030125	FB429	Yes	Yes		True	True	True	True	True	2019/04/25	SRR9030125						
Rhizopus_arrhizus_NRRL_A-17011	Rhizopus arrhizus NRRL A-17011	Mucoromycotina	NRRL A-17011	SAMN11512083	PRJNA537964	64495	Rhizopus oryzae	SRR9027887	FB392	Yes	Yes		True	True	True	True	True	2019/04/25	SRR9027887						
Rhizopus_arrhizus_NRRL_A-17371	Rhizopus arrhizus NRRL A-17371	Mucoromycotina	NRRL A-17371	SAMN14512028	PRJNA619784	64495	Rhizopus oryzae	SRR12272094	HDV37	No	No		True	True	True	True	True	2020/03/31	SRR12272094						
Rhizopus_arrhizus_NRRL_A-20824	Rhizopus arrhizus NRRL A-20824	Mucoromycotina	NRRL A-20824	SAMN14512040	PRJNA619785	64495	Rhizopus oryzae	SRR12272724	HDV38	No	No		True	True	True	True	True	2020/03/31	SRR12272724						
Rhizopus_arrhizus_NRRL_A-21477	Rhizopus arrhizus NRRL A-21477	Mucoromycotina	NRRL A-21477	SAMN14511794	PRJNA619786	64495	Rhizopus oryzae	SRR12273142	HDV39	No	No		True	True	True	True	True	2020/03/31	SRR12273142						
Rhizopus_arrhizus_NRRL_A-21578	Rhizopus arrhizus NRRL A-21578	Mucoromycotina	NRRL A-21578	SAMN14511899	PRJNA619787	64495	Rhizopus oryzae	SRR12272621	HDV40	No	No		True	True	True	True	True	2020/03/31	SRR12272621						
Rhizopus_arrhizus_NRRL_A-21579	Rhizopus arrhizus NRRL A-21579	Mucoromycotina	NRRL A-21579	SAMN14511806	PRJNA619788	64495	Rhizopus oryzae	SRR12354412	HDV41	No	No		True	True	True	True	True	2020/03/31	SRR12354412						
Rhizopus_arrhizus_NRRL_A-21704	Rhizopus arrhizus NRRL A-21704	Mucoromycotina	NRRL A-21704	SAMN14512029	PRJNA619789	64495	Rhizopus oryzae	SRR12272498	HDV42	No	No		True	True	True	True	True	2020/03/31	SRR12272498						
Rhizopus_arrhizus_NRRL_A-23526	Rhizopus arrhizus NRRL A-23526	Mucoromycotina	NRRL A-23526	SAMN11511965	PRJNA538003	64495	Rhizopus oryzae	SRR12273147;SRR9030683	FB431	?	?		True	True	False	False	True	2019/04/25	SRR9030683						
Rhizopus_arrhizus_NRRL_A-23527	Rhizopus arrhizus NRRL A-23527	Mucoromycotina	NRRL A-23527	SAMN14511982	PRJNA619791	64495	Rhizopus oryzae	SRR12274855	HDV44	No	No		True	True	True	True	True	2020/03/31	SRR12274855						
Rhizopus_arrhizus_NRRL_A-25359	Rhizopus arrhizus NRRL A-25359	Mucoromycotina	NRRL A-25359	SAMN14512030	PRJNA619792	64495	Rhizopus oryzae	SRR12277073	HDV45	No	No		True	True	True	True	True	2020/03/31	SRR12277073						
Rhizopus_arrhizus_NRRL_A-26112	Rhizopus arrhizus NRRL A-26112	Mucoromycotina	NRRL A-26112	SAMN11510182	PRJNA536152	64495	Rhizopus oryzae	SRR9720051	FBX05	Yes	Yes		True	True	True	True	True	2019/04/25	SRR9720051						
Rhizopus_arrhizus_NRRL_A-26116	Rhizopus arrhizus NRRL A-26116	Mucoromycotina	NRRL A-26116	SAMN14511939	PRJNA619929	64495	Rhizopus oryzae	SRR12274854	HDV46	No	No		True	True	True	True	True	2020/03/31	SRR12274854						
Rhizopus_arrhizus_NRRL_A-26501	Rhizopus arrhizus NRRL A-26501	Mucoromycotina	NRRL A-26501	SAMN14511929	PRJNA619930	64495	Rhizopus oryzae	SRR12274853	HDV47	No	No		True	True	True	True	True	2020/03/31	SRR12274853						
Rhizopus_arrhizus_var._arrhizus_NRRL_66674	Rhizopus arrhizus var. arrhizus NRRL 66674	Mucoromycotina	NRRL 66674	SAMN10361573	PRJNA499685	64495	Rhizopus oryzae	SRR8485190	EC979	Yes	Yes		True	True	True	True	True	2018/11/01	SRR8485190						
Rhizopus_arrhizus_var._delemar_NRRL_5129	Rhizopus arrhizus var. delemar NRRL 5129	Mucoromycotina	NRRL 5129	SAMN11512117	PRJNA537981	64495	Rhizopus oryzae	SRR9650550	FB409	Yes	Yes		True	True	True	True	True	2019/04/25	SRR9650550						
Rhizopus_arrhizus_var._delemar_NRRL_66676	Rhizopus arrhizus var. delemar NRRL 66676	Mucoromycotina	NRRL 66676	SAMN10361225	PRJNA499688	64495	Rhizopus oryzae	SRR8485431	EC982	Yes	Yes		True	True	True	True	True	2018/11/01	SRR8485431						
Rhizopus_arrhizus_XY00429	Rhizopus arrhizus XY00429	Mucoromycotina	XY00429	SAMN14511900	PRJNA619931	64495	Rhizopus oryzae	SRR12278002	HDV48	No	No		True	True	True	True	True	2020/03/31	SRR12278002						
Rhizopus_arrhizus_XY00507	Rhizopus arrhizus XY00507	Mucoromycotina	XY00507	SAMN14511901	PRJNA619932	64495	Rhizopus oryzae	SRR12277947	HDV49	No	No		True	True	True	True	True	2020/03/31	SRR12277947						
Rhizopus_arrhizus_XY01745	Rhizopus arrhizus XY01745	Mucoromycotina	XY01745	SAMN14512044	PRJNA619933	64495	Rhizopus oryzae	SRR12277934	HDV50	No	No		True	True	True	True	True	2020/03/31	SRR12277934						
Rhizopus_arrhizus_XY01865	Rhizopus arrhizus XY01865	Mucoromycotina	XY01865	SAMN14511940	PRJNA619935	64495	Rhizopus oryzae	SRR12354677	HDV52	No	No		True	True	True	True	True	2020/03/31	SRR12354677						
Rhizopus_arrhizus_XY01909	Rhizopus arrhizus XY01909	Mucoromycotina	XY01909	SAMN14512033	PRJNA619936	64495	Rhizopus oryzae	SRR12278006	HDV53	No	No		True	True	True	True	True	2020/03/31	SRR12278006						
Rhizopus_arrhizus_XY01921	Rhizopus arrhizus XY01921	Mucoromycotina	XY01921	SAMN14511931	PRJNA619937	64495	Rhizopus oryzae	SRR12277932	HDV54	No	No		True	True	True	True	True	2020/03/31	SRR12277932						
Rhizopus_arrhizus_XY02848	Rhizopus arrhizus XY02848	Mucoromycotina	XY02848	SAMN14511984	PRJNA619939	64495	Rhizopus oryzae	SRR12277946	HDV56	No	No		True	True	True	True	True	2020/03/31	SRR12277946						
Rhizopus_artocarpi_NRRL_1799	Rhizopus artocarpi NRRL 1799	Mucoromycotina	NRRL 1799	SAMN11532554	PRJNA536153	2572696	Rhizopus artocarpi	SRR9720306	FBX06	Yes	Yes		True	True	True	True	True	2019/04/29	SRR9720306						
Rhizopus_azygosporus_NRRL_13165	Rhizopus azygosporus NRRL 13165	Mucoromycotina	NRRL 13165	SAMN11510819	PRJNA535810	86630	Rhizopus azygosporus	SRR10127686	FBU29	Yes	Yes		True	True	True	True	True	2019/04/25	SRR10127686						
Rhizopus_chinensis_NRRL_2906	Rhizopus chinensis NRRL 2906	Mucoromycotina	NRRL 2906	SAMN11493303	PRJNA535084	4843	Rhizopus microsporus var. chinensis	SRR9720651	FBN78	Yes	Yes		True	True	True	True	True	2019/04/24	SRR9720651						
Rhizopus_chinensis_NRRL_2909	Rhizopus chinensis NRRL 2909	Mucoromycotina	NRRL 2909	SAMN11511981	PRJNA537977	4843	Rhizopus microsporus var. chinensis	SRR9029102	FB405	Yes	Yes		True	True	True	True	True	2019/04/25	SRR9029102						
Rhizopus_chinensis_NRRL_5190	Rhizopus chinensis NRRL 5190	Mucoromycotina	NRRL 5190	SAMN11512119	PRJNA537983	4843	Rhizopus microsporus var. chinensis	SRR9029128	FB411	Yes	Yes		True	True	True	True	True	2019/04/25	SRR9029128						
Rhizopus_chinensis_Saito_NRRL_2905	Rhizopus chinensis Saito NRRL 2905	Mucoromycotina	NRRL 2905	SAMN11532815	PRJNA538874	4843	Rhizopus microsporus var. chinensis	SRR9720461	FB642	Yes	Yes		True	True	True	True	True	2019/04/29	SRR9720461						
Rhizopus_chinensis_Saito_NRRL_3671	Rhizopus chinensis Saito NRRL 3671	Mucoromycotina	NRRL 3671	SAMN11510247	PRJNA536233	4843	Rhizopus microsporus var. chinensis	SRR9720653	FBX86	Yes	Yes		True	True	True	True	True	2019/04/25	SRR9720653						
Rhizopus_chinensis_var._liquefaciens_NRRL_2870	Rhizopus chinensis var. liquefaciens NRRL 2870	Mucoromycotina	NRRL 2870	SAMN11510248	PRJNA536234	4843	Rhizopus microsporus var. chinensis	SRR9720465	FBX87	Yes	Yes		True	True	True	True	True	2019/04/25	SRR9720465						
Rhizopus_chungkuoensis_NRRL_2873	Rhizopus chungkuoensis NRRL 2873	Mucoromycotina	NRRL 2873	SAMN11532233	PRJNA535035	2574735	Rhizopus chungkuoensis	SRR9720330	FBN26	Yes	Yes		True	True	True	True	True	2019/04/29	SRR9720330						
Rhizopus_circinans_NRRL_1475	Rhizopus circinans NRRL 1475	Mucoromycotina	NRRL 1475	SAMN11511966	PRJNA537139	97099	Rhizopus circinans	SRR9650531	FB113	Yes	Yes		True	True	True	True	True	2019/04/25	SRR9650531						
Rhizopus_circinans_NRRL_2913	Rhizopus circinans NRRL 2913	Mucoromycotina	NRRL 2913	SAMN11493304	PRJNA535086	97099	Rhizopus circinans	SRR9720303	FBN80	Yes	Yes		True	True	True	True	True	2019/04/24	SRR9720303						
Rhizopus_circinans_NRRL_2917	Rhizopus circinans NRRL 2917	Mucoromycotina	NRRL 2917	SAMN11533299	PRJNA538886	97099	Rhizopus circinans	SRR10127685	FB654	Yes	Yes		True	True	True	True	True	2019/04/29	SRR10127685						
Rhizopus_circinans_van_Tieghem_NRRL_13978	Rhizopus circinans van Tieghem NRRL 13978	Mucoromycotina	NRRL 13978	SAMN11510251	PRJNA536239	97099	Rhizopus circinans	SRR9720374	FBX92	Yes	Yes		True	True	True	True	True	2019/04/25	SRR9720374						
Rhizopus_cohnii_NRRL_1517	Rhizopus cohnii NRRL 1517	Mucoromycotina	NRRL 1517	SAMN11532553	PRJNA537970	2572697	Rhizopus cohnii	SRR9028626	FB398	Yes	Yes		True	True	True	True	True	2019/04/29	SRR9028626						
Rhizopus_delemar_NRRL_1472	Rhizopus delemar NRRL 1472	Mucoromycotina	NRRL 1472	SAMN11532041	PRJNA538869	936053	Rhizopus delemar	SRR9720365	FB637	Yes	Yes		True	True	True	True	True	2019/04/29	SRR9720365						FLAG
Rhizopus_formosaensis_NRRL_2910	Rhizopus formosaensis NRRL 2910	Mucoromycotina	NRRL 2910	SAMN11493302	PRJNA535083	64495	Rhizopus oryzae	SRR9712530	FBN77	Yes	Yes		True	True	True	True	True	2019/04/24	SRR9712530						
Rhizopus_formosaensis_NRRL_2911	Rhizopus formosaensis NRRL 2911	Mucoromycotina	NRRL 2911	SAMN11512091	PRJNA537978	64495	Rhizopus oryzae	SRR9650544	FB406	Yes	Yes		True	True	True	True	True	2019/04/25	SRR9650544						
Rhizopus_formosaensis_NRRL_A-10180	Rhizopus formosaensis NRRL A-10180	Mucoromycotina	NRRL A-10180	SAMN11510183	PRJNA535665	64495	Rhizopus oryzae	SRR9720221	FBU09	Yes	Yes		True	True	True	True	True	2019/04/25	SRR9720221						
Rhizopus_hangchao_NRRL_2874	Rhizopus hangchao NRRL 2874	Mucoromycotina	NRRL 2874	SAMN11533301	PRJNA535037	64495	Rhizopus oryzae	SRR9720459	FBN28	Yes	Yes		True	True	True	True	True	2019/04/29	SRR9720459						
Rhizopus_hangchao_NRRL_5545	Rhizopus hangchao NRRL 5545	Mucoromycotina	NRRL 5545	SAMN11532045	PRJNA535031	64495	Rhizopus oryzae	SRR9720302	FBN22	Yes	Yes		True	True	True	True	True	2019/04/29	SRR9720302						
Rhizopus_japonicus_NRRL_1898	Rhizopus japonicus NRRL 1898	Mucoromycotina	NRRL 1898	SAMN11511967	PRJNA537140	64496	Rhizopus japonicus	SRR9028946	FB114	Yes	Yes		True	True	True	True	True	2019/04/25	SRR9028946						
Rhizopus_japonicus_NRRL_A-13076	Rhizopus japonicus NRRL A-13076	Mucoromycotina	NRRL A-13076	SAMN11510231	PRJNA536199	64496	Rhizopus japonicus	SRR9720308	FBX52	Yes	Yes		True	True	True	True	True	2019/04/25	SRR9720308						
Rhizopus_liquefaciens_NRRL_1512	Rhizopus liquefaciens NRRL 1512	Mucoromycotina	NRRL 1512	SAMN11512084	PRJNA537968	64495	Rhizopus oryzae	SRR9028606	FB396	Yes	Yes		True	True	True	True	True	2019/04/25	SRR9028606						
Rhizopus_liquefaciens_NRRL_1514	Rhizopus liquefaciens NRRL 1514	Mucoromycotina	NRRL 1514	SAMN11511979	PRJNA537969	64495	Rhizopus oryzae	SRR9650540	FB397	Yes	Yes		True	True	True	True	True	2019/04/25	SRR9650540						
Rhizopus_liquefaciens_NRRL_1703	Rhizopus liquefaciens NRRL 1703	Mucoromycotina	NRRL 1703	SAMN11512087	PRJNA537973	64495	Rhizopus oryzae	SRR9028955	FB401	Yes	Yes		True	True	True	True	True	2019/04/25	SRR9028955						
Rhizopus_lyococcos_NRRL_1523	Rhizopus lyococcos NRRL 1523	Mucoromycotina	NRRL 1523	SAMN11533445	PRJNA538878	1196568	Rhizopus lyococcus	SRR10127681	FB646	Yes	Yes		True	True	True	True	True	2019/04/29	SRR10127681						
Rhizopus_microsporus_NRRL_13129	Rhizopus microsporus NRRL 13129	Mucoromycotina	NRRL 13129	SAMN11510232	PRJNA536200	58291	Rhizopus microsporus	SRR9720307	FBX53	Yes	Yes		True	True	True	True	True	2019/04/25	SRR9720307						
Rhizopus_microsporus_NRRL_5546	Rhizopus microsporus NRRL 5546	Mucoromycotina	NRRL 5546	SAMN11511968	PRJNA537141	58291	Rhizopus microsporus	SRR9029155	FB115	Yes	Yes		True	True	True	True	True	2019/04/25	SRR9029155						
Rhizopus_microsporus_NRRL_5547	Rhizopus microsporus NRRL 5547	Mucoromycotina	NRRL 5547	SAMN11511969	PRJNA537142	58291	Rhizopus microsporus	SRR9029156	FB116	Yes	Yes		True	True	True	True	True	2019/04/25	SRR9029156						
Rhizopus_microsporus_NRRL_5548	Rhizopus microsporus NRRL 5548	Mucoromycotina	NRRL 5548	SAMN11511987	PRJNA537143	58291	Rhizopus microsporus	SRR9029145	FB117	Yes	Yes		True	True	True	True	True	2019/04/25	SRR9029145						
Rhizopus_microsporus_NRRL_5550	Rhizopus microsporus NRRL 5550	Mucoromycotina	NRRL 5550	SAMN11512019	PRJNA537144	58291	Rhizopus microsporus	SRR9029124	FB118	Yes	Yes		True	True	True	True	True	2019/04/25	SRR9029124						
Rhizopus_microsporus_NRRL_5551	Rhizopus microsporus NRRL 5551	Mucoromycotina	NRRL 5551	SAMN11493306	PRJNA535095	58291	Rhizopus microsporus	SRR9712541	FBN90	Yes	Yes		True	True	True	True	True	2019/04/24	SRR9712541						
Rhizopus_microsporus_NRRL_5552	Rhizopus microsporus NRRL 5552	Mucoromycotina	NRRL 5552	SAMN11493307	PRJNA535096	58291	Rhizopus microsporus	SRR9712532	FBN91	Yes	Yes		True	True	True	True	True	2019/04/24	SRR9712532						
Rhizopus_microsporus_NRRL_5553	Rhizopus microsporus NRRL 5553	Mucoromycotina	NRRL 5553	SAMN11511988	PRJNA537145	58291	Rhizopus microsporus	SRR9029401	FB119	Yes	Yes		True	True	True	True	True	2019/04/25	SRR9029401						
Rhizopus_microsporus_NRRL_5554	Rhizopus microsporus NRRL 5554	Mucoromycotina	NRRL 5554	SAMN11511989	PRJNA537146	58291	Rhizopus microsporus	SRR9029403	FB120	Yes	Yes		True	True	True	True	True	2019/04/25	SRR9029403						
Rhizopus_microsporus_NRRL_5558	Rhizopus microsporus NRRL 5558	Mucoromycotina	NRRL 5558	SAMN11493329	PRJNA535003	58291	Rhizopus microsporus	SRR9720186	FBM92	Yes	Yes		True	True	True	True	True	2019/04/24	SRR9720186						
Rhizopus_microsporus_NRRL_A-17693	Rhizopus microsporus NRRL A-17693	Mucoromycotina	NRRL A-17693	SAMN11510233	PRJNA536201	58291	Rhizopus microsporus	SRR9720301	FBX54	Yes	Yes		True	True	True	True	True	2019/04/25	SRR9720301				Circinella minor (unconfirmed)	exclude from species-level scoring	FLAG
Rhizopus_nigricans_Ehrenberg_NRRL_1477	Rhizopus nigricans Ehrenberg NRRL 1477	Mucoromycotina	NRRL 1477	SAMN11510239	PRJNA536223	4846	Rhizopus stolonifer	SRR9720305	FBX76	Yes	Yes		True	True	True	True	True	2019/04/25	SRR9720305						
Rhizopus_nigricans_NRRL_3370	Rhizopus nigricans NRRL 3370	Mucoromycotina	NRRL 3370	SAMN11510187	PRJNA535666	4846	Rhizopus stolonifer	SRR9720310	FBU10	Yes	Yes		True	True	True	True	True	2019/04/25	SRR9720310						
Rhizopus_nigricans_NRRL_3372	Rhizopus nigricans NRRL 3372	Mucoromycotina	NRRL 3372	SAMN11510184	PRJNA535667	4846	Rhizopus stolonifer	SRR9720378	FBU11	Yes	Yes		True	True	True	True	True	2019/04/25	SRR9720378						
Rhizopus_nodosus_NRRL_1473	Rhizopus nodosus NRRL 1473	Mucoromycotina	NRRL 1473	SAMN11533435	PRJNA535259;PRJNA535806	2572698	Rhizopus nodosus	SRR10127597;SRR9028565	FBP58	Yes	Yes		True	True	True	True	True	2019/04/29	SRR9028565						
Rhizopus_nodosus_NRRL_1474	Rhizopus nodosus NRRL 1474	Mucoromycotina	NRRL 1474	SAMN11532221	PRJNA537967	2572698	Rhizopus nodosus	SRR9028566	FB395	Yes	Yes		True	True	True	True	True	2019/04/29	SRR9028566						
Rhizopus_oligosporus_NRRL_6495	Rhizopus oligosporus NRRL 6495	Mucoromycotina	NRRL 6495	SAMN11512122	PRJNA537989	4847	Rhizopus microsporus var. oligosporus	SRR9650569	FB417	Yes	Yes		True	True	True	True	True	2019/04/25	SRR9650569						
Rhizopus_oligosporus_Saito_NRRL_5905	Rhizopus oligosporus Saito NRRL 5905	Mucoromycotina	NRRL 5905	SAMN11532710	PRJNA538867	4847	Rhizopus microsporus var. oligosporus	SRR9720312	FB635	Yes	Yes		True	True	True	True	True	2019/04/29	SRR9720312						
Rhizopus_oligosporus_Saito_NRRL_A-26117	Rhizopus oligosporus Saito NRRL A-26117	Mucoromycotina	NRRL A-26117	SAMN11510196	PRJNA535668	4847	Rhizopus microsporus var. oligosporus	SRR9720175	FBU12	Yes	Yes		True	True	True	True	True	2019/04/25	SRR9720175						
Rhizopus_oligosporus_Saito_NRRL_A-26124	Rhizopus oligosporus Saito NRRL A-26124	Mucoromycotina	NRRL A-26124	SAMN11510188	PRJNA535669	4847	Rhizopus microsporus var. oligosporus	SRR9720297	FBU13	Yes	Yes		True	True	True	True	True	2019/04/25	SRR9720297						
Rhizopus_oryzae_NRRL_13098	Rhizopus oryzae NRRL 13098	Mucoromycotina	NRRL 13098	SAMN11511971	PRJNA537153	64495	Rhizopus oryzae	SRR9650570	FB127	Yes	Yes		True	True	True	True	True	2019/04/25	SRR9650570						
Rhizopus_oryzae_NRRL_1549	Rhizopus oryzae NRRL 1549	Mucoromycotina	NRRL 1549	SAMN11511990	PRJNA537147	64495	Rhizopus oryzae	SRR9028959	FB121	Yes	Yes		True	True	True	True	True	2019/04/25	SRR9028959						
Rhizopus_oryzae_NRRL_1550	Rhizopus oryzae NRRL 1550	Mucoromycotina	NRRL 1550	PRJNA537148	SAMN11511991	SRP197051	Rhizopus oryzae			Yes	Yes		True	True	True	True	False								
Rhizopus_oryzae_NRRL_2625	Rhizopus oryzae NRRL 2625	Mucoromycotina	NRRL 2625	SAMN11511992	PRJNA537149	64495	Rhizopus oryzae	SRR9650532	FB123	Yes	Yes		True	True	True	True	True	2019/04/25	SRR9650532						
Rhizopus_oryzae_NRRL_2871	Rhizopus oryzae NRRL 2871	Mucoromycotina	NRRL 2871	SAMN11511993	PRJNA537150	64495	Rhizopus oryzae	SRR9029060	FB124	Yes	Yes		True	True	True	True	True	2019/04/25	SRR9029060						
Rhizopus_oryzae_NRRL_3133	Rhizopus oryzae NRRL 3133	Mucoromycotina	NRRL 3133	PRJNA535077	SAMN11493300	SRP221876	Rhizopus oryzae			Yes	Yes		True	True	True	True	False								
Rhizopus_oryzae_NRRL_3613	Rhizopus oryzae NRRL 3613	Mucoromycotina	NRRL 3613	SAMN11511994	PRJNA537151	64495	Rhizopus oryzae	SRR9650551	FB125	Yes	Yes		True	True	True	True	True	2019/04/25	SRR9650551						
Rhizopus_oryzae_NRRL_46180	Rhizopus oryzae NRRL 46180	Mucoromycotina	NRRL 46180	SAMN11493355	PRJNA535029	64495	Rhizopus oryzae	SRR9720363	FBN20	Yes	Yes		True	True	True	True	True	2019/04/24	SRR9720363						
Rhizopus_oryzae_NRRL_6202	Rhizopus oryzae NRRL 6202	Mucoromycotina	NRRL 6202	SAMN11511970	PRJNA537152	64495	Rhizopus oryzae	SRR9029551	FB126	Yes	Yes		True	True	True	True	True	2019/04/25	SRR9029551						
Rhizopus_oryzae_NRRL_62023	Rhizopus oryzae NRRL 62023	Mucoromycotina	NRRL 62023	SAMN11510234	PRJNA536202	64495	Rhizopus oryzae	SRR9720300	FBX55	Yes	Yes		True	True	True	True	True	2019/04/25	SRR9720300						
Rhizopus_oryzae_NRRL_6400	Rhizopus oryzae NRRL 6400	Mucoromycotina	NRRL 6400	SAMN11510242	PRJNA536228	64495	Rhizopus oryzae	SRR9720178	FBX81	Yes	Yes		True	True	True	True	True	2019/04/25	SRR9720178						
Rhizopus_oryzae_NRRL_66569	Rhizopus oryzae NRRL 66569	Mucoromycotina	NRRL 66569	SAMN11511972	PRJNA537154	64495	Rhizopus oryzae	SRR9029844	FB128	Yes	Yes		True	True	True	True	True	2019/04/25	SRR9029844						
Rhizopus_oryzae_NRRL_66645	Rhizopus oryzae NRRL 66645	Mucoromycotina	NRRL 66645	SAMN16772743	PRJNA676576	64495	Rhizopus oryzae	SRR13201211	IWR52	Yes	Yes		True	True	True	True	True	2020/11/12	SRR13201211;SRR26360098						
Rhizopus_oryzae_NRRL_A-11564	Rhizopus oryzae NRRL A-11564	Mucoromycotina	NRRL A-11564	SAMN11511973	PRJNA537155	64495	Rhizopus oryzae	SRR9029840	FB129	Yes	Yes		True	True	True	True	True	2019/04/25	SRR9029840						
Rhizopus_oryzae_NRRL_A-12640	Rhizopus oryzae NRRL A-12640	Mucoromycotina	NRRL A-12640	SAMN11511974	PRJNA537156	64495	Rhizopus oryzae	SRR9029845	FB130	Yes	Yes		True	True	True	True	True	2019/04/25	SRR9029845						
Rhizopus_oryzae_NRRL_A-12997	Rhizopus oryzae NRRL A-12997	Mucoromycotina	NRRL A-12997	SAMN11511995	PRJNA537157	64495	Rhizopus oryzae	SRR9650591	FB131	Yes	Yes		True	True	True	True	True	2019/04/25	SRR9650591						
Rhizopus_oryzae_Went_Prinsen_Geerlings_NRRL_3563	Rhizopus oryzae Went Prinsen Geerlings NRRL 3563	Mucoromycotina	NRRL 3563	SAMN11532226	PRJNA538862	64495	Rhizopus oryzae	SRR9720299	FB630	Yes	Yes		True	True	True	True	True	2019/04/29	SRR9720299						
Rhizopus_peka_NRRL_1522	Rhizopus peka NRRL 1522	Mucoromycotina	NRRL 1522	SAMN11512085	PRJNA537971	64495	Rhizopus oryzae	SRR9028654	FB399	Yes	Yes		True	True	True	True	True	2019/04/25	SRR9028654						
Rhizopus_pseudochinensis_NRRL_2344	Rhizopus pseudochinensis NRRL 2344	Mucoromycotina	NRRL 2344	SAMN11532712	PRJNA538882	64495	Rhizopus oryzae	SRR10127527	FB650	Yes	Yes		True	True	True	True	True	2019/04/29	SRR10127527						
Rhizopus_reflexus_NRRL_A-16792	Rhizopus reflexus NRRL A-16792	Mucoromycotina	NRRL A-16792	SAMN11511960	PRJNA537998	219329	Rhizopus stolonifer var. reflexus	SRR9030119	FB426	Yes	Yes		True	True	True	True	True	2019/04/25	SRR9030119						
Rhizopus_reflexus_NRRL_A-18059	Rhizopus reflexus NRRL A-18059	Mucoromycotina	NRRL A-18059	SAMN11511964	PRJNA538002	219329	Rhizopus stolonifer var. reflexus	SRR9650590	FB430	Yes	Yes		True	True	True	True	True	2019/04/25	SRR9650590						
Rhizopus_rhizopodiformis_Cohn_Zopf_NRRL_6258	Rhizopus rhizopodiformis Cohn Zopf NRRL 6258	Mucoromycotina	NRRL 6258	SAMN11510255	PRJNA536243	58291	Rhizopus microsporus	SRR9720177	FBX96	Yes	Yes		True	True	True	True	True	2019/04/25	SRR9720177						
Rhizopus_rhizopodiformis_NRRL_2570	Rhizopus rhizopodiformis NRRL 2570	Mucoromycotina	NRRL 2570	SAMN11512089	PRJNA537975	58291	Rhizopus microsporus	SRR9028948	FB403	Yes	Yes		True	True	True	True	True	2019/04/25	SRR9028948						
Rhizopus_rhizopodiformis_NRRL_5189	Rhizopus rhizopodiformis NRRL 5189	Mucoromycotina	NRRL 5189	SAMN11512118	PRJNA537982	58291	Rhizopus microsporus	SRR9029157	FB410	Yes	Yes		True	True	True	True	True	2019/04/25	SRR9029157						
Rhizopus_rhizopodiformis_NRRL_5556	Rhizopus rhizopodiformis NRRL 5556	Mucoromycotina	NRRL 5556	SAMN11493308	PRJNA535098	58291	Rhizopus microsporus	SRR9720180	FBN93	Yes	Yes		True	True	True	True	True	2019/04/24	SRR9720180						
Rhizopus_rhizopodiformis_NRRL_6246	Rhizopus rhizopodiformis NRRL 6246	Mucoromycotina	NRRL 6246	SAMN11510197	PRJNA535670	58291	Rhizopus microsporus	SRR9720181	FBU14	Yes	Yes		True	True	True	True	True	2019/04/25	SRR9720181						
Rhizopus_rhizopodiformis_NRRL_6259	Rhizopus rhizopodiformis NRRL 6259	Mucoromycotina	NRRL 6259	SAMN11512121	PRJNA537988	58291	Rhizopus microsporus	SRR9650568	FB416	Yes	Yes		True	True	True	True	True	2019/04/25	SRR9650568						
Rhizopus_rhizopodiformis_NRRL_6260	Rhizopus rhizopodiformis NRRL 6260	Mucoromycotina	NRRL 6260	SAMN11533443	PRJNA538860	58291	Rhizopus microsporus	SRR9720179	FB628	Yes	Yes		True	True	True	True	True	2019/04/29	SRR9720179						
Rhizopus_rhizopodiformis_NRRL_6500	Rhizopus rhizopodiformis NRRL 6500	Mucoromycotina	NRRL 6500	SAMN11493335	PRJNA535020	58291	Rhizopus microsporus	SRR9720176	FBN10	Yes	Yes		True	True	True	True	True	2019/04/24	SRR9720176						
Rhizopus_rhizopodiformis_NRRL_6501	Rhizopus rhizopodiformis NRRL 6501	Mucoromycotina	NRRL 6501	SAMN11512123	PRJNA537990	58291	Rhizopus microsporus	SRR9650571	FB418	Yes	Yes		True	True	True	True	True	2019/04/25	SRR9650571						
Rhizopus_rhizopodiformis_NRRL_A-16034	Rhizopus rhizopodiformis NRRL A-16034	Mucoromycotina	NRRL A-16034	SAMN11511959	PRJNA537997	58291	Rhizopus microsporus	SRR9650593	FB425	Yes	Yes		True	True	True	True	True	2019/04/25	SRR9650593						
Rhizopus_sp._NRRL_1524	Rhizopus sp. NRRL 1524	Mucoromycotina	NRRL 1524	SAMN11532048	PRJNA537158	2572623	Rhizopus sp. NRRL 1524	SRR9028605	FB132	Yes	Yes		True	True	True	True	True	2019/04/29	SRR9028605						
Rhizopus_sp._NRRL_1530	Rhizopus sp. NRRL 1530	Mucoromycotina	NRRL 1530	SAMN11533441	PRJNA536203	2572624	Rhizopus sp. NRRL 1530	SRR9720296	FBX56	Yes	Yes		True	True	True	True	True	2019/04/29	SRR9720296						
Rhizopus_sp._NRRL_1539	Rhizopus sp. NRRL 1539	Mucoromycotina	NRRL 1539	SAMN11532705	PRJNA536204	2572625	Rhizopus sp. NRRL 1539	SRR9720335	FBX57	Yes	Yes		True	True	True	True	True	2019/04/29	SRR9720335						
Rhizopus_sp._NRRL_1543	Rhizopus sp. NRRL 1543	Mucoromycotina	NRRL 1543	SAMN11528547	PRJNA536205	2572626	Rhizopus sp. NRRL 1543	SRR9720223	FBX58	Yes	Yes		True	True	True	True	True	2019/04/29	SRR9720223						
Rhizopus_sp._NRRL_1544	Rhizopus sp. NRRL 1544	Mucoromycotina	NRRL 1544	SAMN11532706	PRJNA536206	2572627	Rhizopus sp. NRRL 1544	SRR9720298	FBX59	Yes	Yes		True	True	True	True	True	2019/04/29	SRR9720298						
Rhizopus_sp._NRRL_2934	Rhizopus sp. NRRL 2934	Mucoromycotina	NRRL 2934	SAMN11532234	PRJNA537159	2572628	Rhizopus sp. NRRL 2934	SRR9650546	FB133	Yes	Yes		True	True	True	True	True	2019/04/29	SRR9650546						
Rhizopus_sp._NRRL_3368	Rhizopus sp. NRRL 3368	Mucoromycotina	NRRL 3368	SAMN11532819	PRJNA537160	2572629	Rhizopus sp. NRRL 3368	SRR9650548	FB134	Yes	Yes		True	True	True	True	True	2019/04/29	SRR9650548						
Rhizopus_sp._NRRL_3373	Rhizopus sp. NRRL 3373	Mucoromycotina	NRRL 3373	SAMN11533302	PRJNA537161	2572630	Rhizopus sp. NRRL 3373	SRR9650549	FB135	Yes	Yes		True	True	True	True	True	2019/04/29	SRR9650549						
Rhizopus_sp._NRRL_5857	Rhizopus sp. NRRL 5857	Mucoromycotina	NRRL 5857	SAMN11532818	PRJNA535011	2574736	Rhizopus sp. NRRL 5857	SRR9720366	FBN00	Yes	Yes		True	True	True	True	True	2019/04/29	SRR9720366						
Rhizopus_sp._NRRL_A-10162	Rhizopus sp. NRRL A-10162	Mucoromycotina	NRRL A-10162	SAMN11532049	PRJNA537162	2572631	Rhizopus sp. NRRL A-10162	SRR9650584	FB136	Yes	Yes		True	True	True	True	True	2019/04/29	SRR9650584						
Rhizopus_sp._NRRL_A-10958	Rhizopus sp. NRRL A-10958	Mucoromycotina	NRRL A-10958	SAMN11532707	PRJNA536207	2572632	Rhizopus sp. NRRL A-10958	SRR9720222	FBX60	Yes	Yes		True	True	True	True	True	2019/04/29	SRR9720222						
Rhizopus_sp._NRRL_A-11791	Rhizopus sp. NRRL A-11791	Mucoromycotina	NRRL A-11791	SAMN11532038	PRJNA536208	2572633	Rhizopus sp. NRRL A-11791	SRR9720220	FBX61	Yes	Yes		True	True	True	True	True	2019/04/29	SRR9720220						
Rhizopus_sp._NRRL_A-16766A	Rhizopus sp. NRRL A-16766A	Mucoromycotina	NRRL A-16766A	SAMN11533295	PRJNA536209	2572634	Rhizopus sp. NRRL A-16766A	SRR9720174	FBX62	Yes	Yes		True	True	True	True	True	2019/04/29	SRR9720174						
Rhizopus_sp._NRRL_A-17034	Rhizopus sp. NRRL A-17034	Mucoromycotina	NRRL A-17034	SAMN11533296	PRJNA536210	2572635	Rhizopus sp. NRRL A-17034	SRR9720210	FBX63	Yes	Yes		True	True	True	True	True	2019/04/29	SRR9720210						
Rhizopus_sp._NRRL_A-17388	Rhizopus sp. NRRL A-17388	Mucoromycotina	NRRL A-17388	SAMN11532701	PRJNA536211	2572636	Rhizopus sp. NRRL A-17388	SRR9720364	FBX64	Yes	Yes		True	True	True	True	True	2019/04/29	SRR9720364						
Rhizopus_sp._NRRL_A-17389	Rhizopus sp. NRRL A-17389	Mucoromycotina	NRRL A-17389	SAMN11532039	PRJNA536212	2572637	Rhizopus sp. NRRL A-17389	SRR9720208	FBX65	Yes	Yes		True	True	True	True	True	2019/04/29	SRR9720208						
Rhizopus_sp._NRRL_A-17473	Rhizopus sp. NRRL A-17473	Mucoromycotina	NRRL A-17473	SAMN11533303	PRJNA537163	2572638	Rhizopus sp. NRRL A-17473	SRR9030127	FB137	Yes	Yes		True	True	True	True	True	2019/04/29	SRR9030127						
Rhizopus_sp._NRRL_A-17548	Rhizopus sp. NRRL A-17548	Mucoromycotina	NRRL A-17548	SAMN11532050	PRJNA537164	2572639	Rhizopus sp. NRRL A-17548	SRR9030121	FB138	Yes	Yes		True	True	True	True	True	2019/04/29	SRR9030121						
Rhizopus_sp._NRRL_A-18472	Rhizopus sp. NRRL A-18472	Mucoromycotina	NRRL A-18472	SAMN11533447	PRJNA537166	2572641	Rhizopus sp. NRRL A-18472	SRR9030120	FB140	Yes	Yes		True	True	True	True	True	2019/04/29	SRR9030120						
Rhizopus_sp._NRRL_A-18714	Rhizopus sp. NRRL A-18714	Mucoromycotina	NRRL A-18714	SAMN11528552	PRJNA537167	2572642	Rhizopus sp. NRRL A-18714	SRR9030126	FB141	Yes	Yes		True	True	True	True	True	2019/04/29	SRR9030126						
Rhizopus_sp._NRRL_A-21231	Rhizopus sp. NRRL A-21231	Mucoromycotina	NRRL A-21231	SAMN11532812	PRJNA537168	2572643	Rhizopus sp. NRRL A-21231	SRR9030122	FB142	Yes	Yes		True	True	True	True	True	2019/04/29	SRR9030122						
Rhizopus_sp._NRRL_A-23913	Rhizopus sp. NRRL A-23913	Mucoromycotina	NRRL A-23913	SAMN11532716	PRJNA537169	2572644	Rhizopus sp. NRRL A-23913	SRR9030665	FB143	Yes	Yes		True	True	True	True	True	2019/04/29	SRR9030665						
Rhizopus_stolonifer_NRRL_1479	Rhizopus stolonifer NRRL 1479	Mucoromycotina	NRRL 1479	SAMN11510235	PRJNA536213	4846	Rhizopus stolonifer	SRR9720336	FBX66	Yes	Yes		True	True	True	True	True	2019/04/25	SRR9720336						
Rhizopus_stolonifer_NRRL_1480	Rhizopus stolonifer NRRL 1480	Mucoromycotina	NRRL 1480	SAMN11512010	PRJNA537173	4846	Rhizopus stolonifer	SRR9028627	FB147	Yes	Yes		True	True	True	True	True	2019/04/25	SRR9028627						
Rhizopus_stolonifer_NRRL_1483	Rhizopus stolonifer NRRL 1483	Mucoromycotina	NRRL 1483	SAMN11532709	PRJNA538863	4846	Rhizopus stolonifer	SRR9720334	FB631	Yes	Yes		True	True	True	True	True	2019/04/29	SRR9720334						
Rhizopus_stolonifer_NRRL_1519	Rhizopus stolonifer NRRL 1519	Mucoromycotina	NRRL 1519	SAMN11510192	PRJNA536214	4846	Rhizopus stolonifer	SRR9720458	FBX67	Yes	Yes		True	True	True	True	True	2019/04/25	SRR9720458						
Rhizopus_stolonifer_NRRL_54333	Rhizopus stolonifer NRRL 54333	Mucoromycotina	NRRL 54333	SAMN11493336	PRJNA535022	4846	Rhizopus stolonifer	SRR9720396	FBN12	Yes	Yes		True	True	True	True	True	2019/04/24	SRR9720396						
Rhizopus_stolonifer_NRRL_54667	Rhizopus stolonifer NRRL 54667	Mucoromycotina	NRRL 54667	SAMN11511996	PRJNA537170	4846	Rhizopus stolonifer	SRR9650583	FB144	Yes	Yes		True	True	True	True	True	2019/04/25	SRR9650583						
Rhizopus_stolonifer_NRRL_66454	Rhizopus stolonifer NRRL 66454	Mucoromycotina	NRRL 66454	SAMN11511997	PRJNA537171	4846	Rhizopus stolonifer	SRR9650587	FB145	Yes	Yes		True	True	True	True	True	2019/04/25	SRR9650587						
Rhizopus_stolonifer_NRRL_66455	Rhizopus stolonifer NRRL 66455	Mucoromycotina	NRRL 66455	SAMN11510653	PRJNA535807	4846	Rhizopus stolonifer	SRR9720371	FBU24	Yes	Yes		True	True	True	True	True	2019/04/25	SRR9720371						
Rhizopus_stolonifer_NRRL_66456	Rhizopus stolonifer NRRL 66456	Mucoromycotina	NRRL 66456	SAMN11493353	PRJNA535024	4846	Rhizopus stolonifer	SRR9720367	FBN14	Yes	Yes		True	True	True	True	True	2019/04/24	SRR9720367						
Rhizopus_stolonifer_NRRL_66457	Rhizopus stolonifer NRRL 66457	Mucoromycotina	NRRL 66457	SAMN11493305	PRJNA535089	4846	Rhizopus stolonifer	SRR9720369	FBN83	Yes	Yes		True	True	True	True	True	2019/04/24	SRR9720369						
Rhizopus_stolonifer_NRRL_66458	Rhizopus stolonifer NRRL 66458	Mucoromycotina	NRRL 66458	SAMN11493325	PRJNA535103	4846	Rhizopus stolonifer	SRR9720394	FBN98	Yes	Yes		True	True	True	True	True	2019/04/24	SRR9720394						
Rhizopus_stolonifer_NRRL_66459	Rhizopus stolonifer NRRL 66459	Mucoromycotina	NRRL 66459	SAMN11493326	PRJNA535105	4846	Rhizopus stolonifer	SRR9720368	FBO00	Yes	Yes		True	True	True	True	True	2019/04/24	SRR9720368						
Rhizopus_stolonifer_NRRL_66460	Rhizopus stolonifer NRRL 66460	Mucoromycotina	NRRL 66460	SAMN11511998	PRJNA537172	4846	Rhizopus stolonifer	SRR9650586	FB146	Yes	Yes		True	True	True	True	True	2019/04/25	SRR9650586						
Rhizopus_thermosus_Yamamoto_NRRL_2862	Rhizopus thermosus Yamamoto NRRL 2862	Mucoromycotina	NRRL 2862	SAMN11510237	PRJNA536220	64495	Rhizopus oryzae	SRR9720201	FBX73	Yes	Yes		True	True	True	True	True	2019/04/25	SRR9720201						
Rhizopus_tritici_NRRL_1476	Rhizopus tritici NRRL 1476	Mucoromycotina	NRRL 1476	SAMN11510198	PRJNA535671	64495	Rhizopus oryzae	SRR9720209	FBU15	Yes	Yes		True	True	True	True	True	2019/04/25	SRR9720209						
Rhizopus_tritici_NRRL_1529	Rhizopus tritici NRRL 1529	Mucoromycotina	NRRL 1529	SAMN11512086	PRJNA537972	64495	Rhizopus oryzae	SRR9028813	FB400	Yes	Yes		True	True	True	True	True	2019/04/25	SRR9028813						
Sporodiniella_umbellata_FLAS-F-62758	Sporodiniella umbellata FLAS-F-62758	Mucoromycotina	FLAS-F-62758	SAMN13166137	PRJNA581162	101117	Sporodiniella umbellata	SRR10999322	GGF36	Yes	Yes		True	True	True	True	True	2019/10/31	SRR10999322						
Syncephalastrum_racemosum_CBS_440.59_Plus	Syncephalastrum racemosum CBS 440.59_Plus	Mucoromycotina	CBS 440.59_Plus	SAMN11510830	PRJNA535825	13706	Syncephalastrum racemosum	SRR10127678	FBU46	Yes	Yes		False	False	True	True	True	2019/04/25	SRR10127678						
Syncephalastrum_racemosum_CBS_441.59-	Syncephalastrum racemosum CBS 441.59-	Mucoromycotina	CBS 441.59-	SAMN11510832	PRJNA535827	13706	Syncephalastrum racemosum	SRR10127677	FBU48	Yes	Yes		True	True	True	True	True	2019/04/25	SRR10127677						
Syncephalastrum_racemosum_NRRL_1506	Syncephalastrum racemosum NRRL 1506	Mucoromycotina	NRRL 1506	SAMN15739635	PRJNA653046	13706	Syncephalastrum racemosum	SRR12690208	H4W73	Yes	Yes		True	True	True	True	True	2020/08/05	SRR12690208;SRR26359909				Phycomyces sp. (confirmed)	exclude from species-level scoring	FLAG
Syncephalastrum_racemosum_NRRL_1623	Syncephalastrum racemosum NRRL 1623	Mucoromycotina	NRRL 1623	SAMN16773954	PRJNA677215	13706	Syncephalastrum racemosum		IWY27	Yes	Yes		True	True	True	True	True	2020/11/12	SRR26359892				Pilaira sp. (confirmed)	exclude from species-level scoring	FLAG
Syncephalastrum_racemosum_NRRL_2495	Syncephalastrum racemosum NRRL 2495	Mucoromycotina	NRRL 2495	SAMN15740076	PRJNA653057	13706	Syncephalastrum racemosum	SRR12690273	H4W84	Yes	Yes		True	True	True	True	True	2020/08/05	SRR12690273;SRR26359384						
Syncephalastrum_sp._NRRL_1485	Syncephalastrum sp. NRRL 1485	Mucoromycotina	NRRL 1485	SAMN16810877	PRJNA677203	2789336	Syncephalastrum sp. NRRL 1485		IWY15	Yes	Yes		True	True	True	True	True	2020/11/16	SRR26359914				Dichotomocladium sp. (confirmed)	exclude from species-level scoring	FLAG
Syncephalastrum_sp._NRRL_1487	Syncephalastrum sp. NRRL 1487	Mucoromycotina	NRRL 1487	SAMN11533442	PRJNA536215	2572645	Syncephalastrum sp. NRRL 1487	SRR9720730	FBX68	Yes	Yes		True	True	True	True	True	2019/04/29	SRR9720730						
Syncephalastrum_sp._NRRL_1505	Syncephalastrum sp. NRRL 1505	Mucoromycotina	NRRL 1505	SAMN11532708	PRJNA536222	2572646	Syncephalastrum sp. NRRL 1505	SRR9720878	FBX75	Yes	Yes		True	True	True	True	True	2019/04/29	SRR9720878						
Syncephalastrum_sp._NRRL_1507	Syncephalastrum sp. NRRL 1507	Mucoromycotina	NRRL 1507							Yes	Yes		True	True	False	False	False								
Syncephalastrum_sp._NRRL_A-15186	Syncephalastrum sp. NRRL A-15186	Mucoromycotina	NRRL A-15186	SAMN11532556	PRJNA536216	2572647	Syncephalastrum sp. NRRL A-15186	SRR9720692	FBX69	Yes	Yes		True	True	True	True	True	2019/04/29	SRR9720692						
Syncephalastrum_sp._NRRL_A-23572	Syncephalastrum sp. NRRL A-23572	Mucoromycotina	NRRL A-23572	SAMN11532040	PRJNA536218	2572649	Syncephalastrum sp. NRRL A-23572	SRR9720876	FBX71	Yes	Yes		True	True	True	True	True	2019/04/29	SRR9720876						
Syncephalastrum_verruculosum_RSA_2127	Syncephalastrum verruculosum RSA 2127	Mucoromycotina	RSA 2127	SAMN10362774	PRJNA500292	2045278	Syncephalastrum verruculosum	SRR8437492	EDC08	Yes	Yes		True	True	True	True	True	2018/11/01	SRR8437492						
Syzygites_megalocarpus_SC16	Syzygites megalocarpus SC16	Mucoromycotina	SC16	SAMN11510664	PRJNA536116	101119	Syzygites megalocarpus	SRR10127680	FBW69	Yes	Yes		False	False	False	False	True	2019/04/25	SRR10127680						
Syzygites_sp._MES_3091	Syzygites sp. MES 3091	Mucoromycotina	MES 3091	SAMN10872737	PRJNA519281	2512250	Syzygites sp. MES 3091	SRR8873050	EV168	Yes	Yes		True	True	True	True	True	2019/02/04	SRR8873050						
Thamnidium_ctenidium_NRRL_2929	Thamnidium ctenidium NRRL 2929	Mucoromycotina	NRRL 2929	SAMN11510657	PRJNA535833	101144	Mucor ctenidius		FBU54	Yes	Yes		True	True	True	True	True	2019/04/25	SRR10127293						
Thamnidium_elegans_NRRL_1613	Thamnidium elegans NRRL 1613	Mucoromycotina	NRRL 1613	SAMN15741904	PRJNA653049	101142	Thamnidium elegans	SRR12690263	H4W76	Yes	Yes		True	True	True	True	True	2020/08/05	SRR12690263;SRR26359870						
Thamnidium_elegans_NRRL_2467	Thamnidium elegans NRRL 2467	Mucoromycotina	NRRL 2467	SAMN05443592	PRJNA332251	101142	Thamnidium elegans	SRR5166901;SRR6050245	BDF21	Yes	Yes		True	True	True	True	True	2016/07/26	SRR5166901;SRR5166902;SRR5166903;SRR5166904	GCA_025201345.1	2022/09/14	True	Syncephalastrum sp. (confirmed)	hold out of all analyses (species and label scoring): possible sample mixup or contamination; needs investigation	FLAG
Thamnidium_elegans_NRRL_2468	Thamnidium elegans NRRL 2468	Mucoromycotina	NRRL 2468	SAMN16773217	PRJNA677207	101142	Thamnidium elegans		IWY19	Yes	Yes		True	True	True	True	True	2020/11/12	SRR26359821						
Thamnostylum_lucknowense_RSA_1015_Plus-T	Thamnostylum lucknowense RSA 1015_Plus-T	Mucoromycotina	RSA 1015_Plus-T	SAMN11510823	PRJNA535817	1162313	Thamnostylum lucknowense	SRR10127679	FBU37	Yes	Yes		False	False	True	True	True	2019/04/25	SRR10127679						FLAG
Thamnostylum_lucknowense_RSA_1093-	Thamnostylum lucknowense RSA 1093-	Mucoromycotina	RSA 1093-	SAMN11510833	PRJNA535830	1162313	Thamnostylum lucknowense	SRR10127683	FBU51	Yes	Yes		True	True	True	True	True	2019/04/25	SRR10127683						
Thamnostylum_nigricans_RSA_1405-	Thamnostylum nigricans RSA 1405-	Mucoromycotina	RSA 1405-	SAMN11510824	PRJNA535818	1162312	Thamnostylum nigricans	SRR10127687	FBU38	Yes	Yes		True	True	True	True	True	2019/04/25	SRR10127687						
Thamnostylum_nigricans_RSA_1406	Thamnostylum nigricans RSA 1406	Mucoromycotina	RSA 1406	SAMN09062778	PRJNA455963	1162312	Thamnostylum nigricans	SRR7686431	DER74	Yes	Yes		True	True	True	True	True	2018/05/04	SRR7686431						
Thamnostylum_piriforme_NRRL_A-21589	Thamnostylum piriforme NRRL A-21589	Mucoromycotina	NRRL A-21589	SAMN11510236	PRJNA536219	101143	Thamnostylum piriforme	SRR9720879	FBX72	Yes	Yes		True	True	True	True	True	2019/04/25	SRR9720879						FLAG
Thamnostylum_piriforme_RSA_251	Thamnostylum piriforme RSA 251	Mucoromycotina	RSA 251	SAMN09074681	PRJNA463349	101143	Thamnostylum piriforme	SRR7686435	DFQ42	Yes	Yes		True	True	True	True	True	2018/05/04	SRR7686435						
Thamnostylum_repens_RSA_459_Plus	Thamnostylum repens RSA 459_Plus	Mucoromycotina	RSA 459_Plus	SAMN10864754	PRJNA519277	1162311	Thamnostylum repens	SRR8872971	EV164	Yes	Yes		False	False	True	True	True	2019/02/01	SRR8872971						FLAG
Thamnostylum_repens_Tieghem_Upadhyay_NRRL_6240	Thamnostylum repens Tieghem Upadhyay NRRL 6240	Mucoromycotina	NRRL 6240	SAMN11510249	PRJNA536235	1162311	Thamnostylum repens	SRR9720681	FBX88	Yes	Yes		True	True	True	True	True	2019/04/25	SRR9720681				Circinomucor circinelloides (unconfirmed)	exclude from species-level scoring	FLAG
Umbelopsis_ovata_NRRL_13127T	Umbelopsis ovata NRRL 13127T	Mucoromycotina	NRRL 13127T	SAMN11510679	PRJNA535809	201723	Umbelopsis ovata	SRR10127682	FBU27	Yes	Yes		True	True	True	True	True	2019/04/25	SRR10127682						
Zygorhynchus_exponens_NRRL_1492	Zygorhynchus exponens NRRL 1492	Mucoromycotina	NRRL 1492	SAMN10864716	PRJNA519263	91643	Mucor exponens	SRR8873630	EV150	Yes	Yes		True	True	True	True	True	2019/02/01	SRR8873630						
Zygorhynchus_exponens_var._smithii_NRRL_2572T	Zygorhynchus exponens var. smithii NRRL 2572T	Mucoromycotina	NRRL 2572T	SAMN11510672	PRJNA536124	91643	Mucor exponens	SRR10127688	FBW77	Yes	Yes		True	True	True	True	True	2019/04/25	SRR10127688						
Zygorhynchus_heterogamus_Vuillemin_NRRL_1489	Zygorhynchus heterogamus Vuillemin NRRL 1489	Mucoromycotina	NRRL 1489	SAMN11510194	PRJNA536237	101122	Mucor heterogamus	SRR9720687	FBX90	Yes	Yes		True	True	True	True	True	2019/04/25	SRR9720687						
Zygorhynchus_macrocarpus_NRRL_2663	Zygorhynchus macrocarpus NRRL 2663	Mucoromycotina	NRRL 2663	SAMN10864725	PRJNA519272	1196577	Mucor megalocarpus		EV159	Yes	Yes		True	True	False	False	True	2019/02/01							FLAG
Zygorhynchus_moelleri_NRRL_1498	Zygorhynchus moelleri NRRL 1498	Mucoromycotina	NRRL 1498	SAMN11510199	PRJNA535672	1302847	Mucor moelleri	SRR9719770	FBU16	Yes	Yes		True	True	False	False	True	2019/04/25	SRR9719770						
Zygorhynchus_moelleri_NRRL_1625	Zygorhynchus moelleri NRRL 1625	Mucoromycotina	NRRL 1625	SAMN15741649	PRJNA653117	1302847	Mucor moelleri	SRR12690265	H4X44	Yes	Yes		True	True	True	True	True	2020/08/05	SRR12690265;SRR26360091						
Zygorhynchus_moelleri_NRRL_3138	Zygorhynchus moelleri NRRL 3138	Mucoromycotina	NRRL 3138	SAMN16773635	PRJNA677200	1302847	Mucor moelleri		IWY12	Yes	Yes		True	True	True	True	True	2020/11/12	SRR26360067						FLAG
Zygorhynchus_moelleri_Vuillemin_NRRL_1497	Zygorhynchus moelleri Vuillemin NRRL 1497	Mucoromycotina	NRRL 1497	SAMN11532228	PRJNA538872	1302847	Mucor moelleri	SRR9719772	FB640	Yes	Yes		True	True	True	True	True	2019/04/29	SRR9719772						
Zygorhynchus_sp._NRRL_3102	Zygorhynchus sp. NRRL 3102	Mucoromycotina	NRRL 3102	SAMN15759862	PRJNA653051	2761415	Zygorhynchus sp. NRRL 3102	SRR12691217	H4W78	Yes	Yes		True	True	True	True	True	2020/08/07	SRR12691217;SRR26360064						
